# If you find multiSMASH useful, please cite the Zenodo DOI: 10.5281/zenodo.8276143
record	total_count	PNAG-pga	PNAG-pga-like	alginate	cellulose-like	curdlan-like	fructansucrase	generic-cellulose	pel-like	putative_ABC_dependent	putative_ABC_dependent_NO_OPX	putative_ABC_or_wzy_dependent	putative_wzy_dependent	putative_wzy_dependent_NO_OPX	sphingans	sphingomonadales_eps	type-1-cellulose	hybrid	description
GCF_009746585.1_genomic.fna	4	0	0	0	0	0	0	0	0	1	0	0	2	0	0	1	0	0	NZ_WRPO01000001.1 Novosphingobium aquimarinum strain M24A2M contig1, whole genome shotgun sequence [57 total records]
GCF_011044255.1_genomic.fna	4	0	0	0	0	0	0	0	0	0	0	1	2	1	0	0	0	0	NZ_CP049107.1 Rhizorhabdus phycosphaerae strain MK52 chromosome, complete genome [1 total record]
GCF_024628865.1_genomic.fna	2	0	0	0	0	0	0	0	0	0	0	0	1	0	0	1	0	0	NZ_CP102384.1 Sphingopyxis sp. DBS4 chromosome, complete genome [5 total records]
GCF_011320115.1_genomic.fna	3	0	0	0	0	0	0	0	0	0	0	0	1	1	0	1	0	0	NZ_JAANOZ010000001.1 Altererythrobacter segetis strain YJ20 1, whole genome shotgun sequence [34 total records]
GCF_001015195.1_genomic.fna	3	0	0	0	0	0	0	0	0	0	0	0	3	0	0	0	0	0	NZ_LDES01000186.1 Sphingomonas sp. Y57 C10148, whole genome shotgun sequence [130 total records]
GCF_023051225.1_genomic.fna	4	0	0	0	0	0	0	0	0	0	0	0	3	0	0	1	0	0	NZ_JALKHS010000001.1 Sphingobium agri strain MAH-33 platanus_K_25_97_1, whole genome shotgun sequence [27 total records]
GCF_040049295.1_genomic.fna	3	0	0	0	0	0	0	0	0	0	1	0	1	0	0	1	0	0	NZ_JBDZDQ010000001.1 Sphingomonas sp. KR3-1 contig1, whole genome shotgun sequence [7 total records]
GCF_015240255.1_genomic.fna	2	0	0	0	0	0	0	0	0	0	0	0	2	0	0	0	0	0	NZ_CP061205.1 Kordiimonas pumila strain N18 chromosome, complete genome [1 total record]
GCA_947501325.1_genomic.fna	4	0	0	0	0	0	0	0	0	0	0	0	3	0	0	1	0	0	CANMVC010000001.1 uncultured Sphingomonadaceae bacterium isolate 245.fasta genome assembly, contig: NODE_1, whole genome shotgun sequence [11 total records]
GCF_009827305.1_genomic.fna	2	0	0	0	0	0	0	0	0	0	0	0	1	0	0	1	0	0	NZ_WTYJ01000001.1 Croceibacterium xixiisoli strain S36 NODE_1_length_1905001, whole genome shotgun sequence [7 total records]
GCF_014237875.1_genomic.fna	1	0	0	0	0	0	0	0	0	0	0	0	0	0	0	1	0	0	NZ_JACJVJ010000001.1 Parasphingopyxis marina strain GrpM-11 GrpM-11_1, whole genome shotgun sequence [5 total records]
GCF_001586275.1_genomic.fna	2	0	0	0	0	0	0	0	0	0	0	0	1	0	0	1	0	0	NZ_CP014545.1 Sphingorhabdus sp. M41 chromosome, complete genome [1 total record]
GCF_036687315.1_genomic.fna	4	0	0	0	0	0	0	0	0	1	0	0	2	0	0	1	0	0	NZ_CP144683.1 Sphingopyxis sp. TUF1 chromosome, complete genome [1 total record]
GCF_019711565.1_genomic.fna	5	0	0	0	0	0	0	0	0	0	1	0	3	0	0	1	0	0	NZ_JAIGNN010000001.1 Qipengyuania proteolytica strain 6B39 NODE_1_length_1826534_cov_227.504389, whole genome shotgun sequence [7 total records]
GCF_031157375.1_genomic.fna	3	0	0	0	0	0	0	0	0	0	0	0	2	0	0	1	0	0	NZ_JAVIFV010000001.1 Sphingosinicella sp. LHD-64 LHD.64_ctg01, whole genome shotgun sequence [8 total records]
GCF_029167225.1_genomic.fna	3	0	0	0	0	0	0	0	0	0	0	1	2	0	0	0	0	0	NZ_JARFNK010000001.1 Sphingobium arseniciresistens strain H39-3-25 spades_K_21_77_1, whole genome shotgun sequence [101 total records]
GCF_039830145.1_genomic.fna	4	0	0	0	0	0	0	1	0	0	0	0	3	0	0	0	0	0	NZ_CP156082.1 Croceibacterium sp. TMG7-5b_MA50 chromosome, complete genome [2 total records]
GCF_025961835.1_genomic.fna	2	0	0	0	0	1	0	0	0	0	0	0	1	0	0	0	0	0	NZ_JAOQOK010000001.1 Sphingobium sp. B2D3C Ga0417173_01, whole genome shotgun sequence [1 total record]
GCF_014204495.1_genomic.fna	4	0	0	0	0	0	0	0	0	0	1	0	2	0	0	1	0	0	NZ_JACHLN010000001.1 Sphingomonas kyeonggiensis strain S00224 Ga0436334_01, whole genome shotgun sequence [8 total records]
GCF_009769755.1_genomic.fna	4	0	0	0	0	0	0	0	0	0	0	0	3	1	0	0	0	0	NZ_SDWJ01000001.1 Sphingorhabdus profundilacus strain IMCC26285 NODE_1_length_1651815_cov_67.7969, whole genome shotgun sequence [2 total records]
GCF_002374835.1_genomic.fna	2	0	0	0	0	0	0	0	0	0	0	1	1	0	0	0	0	0	NZ_NWVD01000001.1 Sphingomonas ginsenosidimutans strain KACC 14949 contig1, whole genome shotgun sequence [49 total records]
GCF_023266535.1_genomic.fna	0	0	0	0	0	0	0	0	0	0	0	0	0	0	0	0	0	0	NZ_JAHFPY010000102.1 MAG: Sphingomonas sp. isolate nzgw538 NODE_10107_length_8309_cov_4.326209, whole genome shotgun sequence [121 total records]
GCF_003053745.1_genomic.fna	6	0	0	0	0	0	0	0	1	0	0	0	3	0	0	1	1	0	NZ_QAYE01000001.1 Sphingomonas faeni strain MA-olki Ga0191658_101, whole genome shotgun sequence [33 total records]
GCF_001519055.1_genomic.fna	4	0	0	0	0	0	0	0	0	0	0	0	2	0	0	1	1	0	NZ_KQ954285.1 Novosphingobium sp. Fuku2-ISO-50 PRJNA299316_s001, whole genome shotgun sequence [38 total records]
GCF_012972675.1_genomic.fna	2	0	0	0	0	0	0	0	0	0	0	0	1	0	0	1	0	0	NZ_JABCRE010000001.1 Pontixanthobacter rizhaonensis strain RZ02 NODE_1, whole genome shotgun sequence [4 total records]
GCF_006715975.1_genomic.fna	3	0	0	0	0	0	1	1	0	0	1	0	0	0	0	0	0	0	NZ_VFOF01000001.1 Zymomonas mobilis strain AN0101 Ga0314526_11, whole genome shotgun sequence [7 total records]
GCF_014489075.1_genomic.fna	5	0	0	0	0	0	0	0	0	0	1	0	2	0	1	1	0	0	NZ_JACTGR010000001.1 Sphingomonas sp. JC676 1, whole genome shotgun sequence [28 total records]
GCF_004358425.1_genomic.fna	2	0	0	0	0	0	0	0	0	0	0	0	2	0	0	0	0	0	NZ_CP037948.1 Qipengyuania sediminis strain CGMCC 1.12928 chromosome, complete genome [1 total record]
GCF_019737615.1_genomic.fna	2	0	0	0	0	0	0	0	0	0	0	0	1	0	0	1	0	0	NZ_JAHKKS010000001.1 Sphingobium xanthum strain NL9 Scaffold1, whole genome shotgun sequence [21 total records]
GCF_023822045.1_genomic.fna	4	0	0	0	0	0	0	0	0	0	0	0	3	0	0	1	0	0	NZ_CP084712.1 Sphingopyxis sp. USTB-05 chromosome, complete genome [1 total record]
GCF_019443285.1_genomic.fna	2	0	0	0	0	0	0	0	0	0	0	0	2	0	0	0	0	0	NZ_CP080327.1 Aquisediminimonas profunda strain DS48-3 chromosome, complete genome [1 total record]
GCF_009827655.1_genomic.fna	2	0	0	0	0	0	0	0	0	0	0	0	1	0	0	1	0	0	NZ_WTYV01000010.1 Alteraurantiacibacter buctensis strain M0322 NODE_10_length_59022, whole genome shotgun sequence [22 total records]
GCF_030818415.1_genomic.fna	4	0	0	0	0	0	0	0	1	0	0	0	2	0	0	1	0	0	NZ_JAUTAE010000001.1 Sphingomonas sp. SORGH_AS_0950 Ga0558188_01, whole genome shotgun sequence [3 total records]
GCF_003340475.1_genomic.fna	3	0	0	0	0	0	0	0	0	0	0	0	2	0	0	1	0	0	NZ_QBKA01000001.1 Alteripontixanthobacter maritimus strain HME9302 contig00001, whole genome shotgun sequence [2 total records]
GCF_023006325.1_genomic.fna	2	0	0	0	0	0	0	0	0	0	0	1	1	0	0	0	0	0	NZ_JAINDF010000010.1 Kordiimonas marina strain A6E486 scaffold_10_length=30497, whole genome shotgun sequence [16 total records]
GCF_032229225.1_genomic.fna	4	0	0	0	0	0	0	0	0	0	0	0	3	0	0	1	0	0	NZ_CP135076.1 Stakelama saccharophila strain W311 chromosome [1 total record]
GCF_025153475.1_genomic.fna	5	0	0	0	0	0	0	0	0	1	0	0	3	0	0	1	0	0	NZ_JANZXA010000010.1 Novosphingobium mangrovi (ex Huang et al. 2023) strain HK4-1 NODE_10_length_196146_cov_39.344621, whole genome shotgun sequence [51 total records]
GCF_009827325.1_genomic.fna	1	0	0	0	0	0	0	0	0	0	0	0	1	0	0	0	0	0	NZ_WTYC01000010.1 Qipengyuania vulgaris strain DSM 17792 NODE_10_length_25946, whole genome shotgun sequence [19 total records]
GCF_031843765.1_genomic.fna	3	0	0	0	0	0	0	0	0	0	0	0	2	0	0	1	0	0	NZ_JAVTIV010000001.1 Sphingobium sp. WCS2017Hpa-17 NODE_1_length_903924_cov_18.912380, whole genome shotgun sequence [63 total records]
GCF_013149295.1_genomic.fna	6	0	0	0	0	0	0	0	0	1	0	0	3	0	0	1	1	0	NZ_JABGCB010000001.1 Novosphingobium sp. SG751A Ga0365358_01, whole genome shotgun sequence [75 total records]
GCF_002197665.1_genomic.fna	3	0	0	0	0	0	0	0	0	1	0	0	1	0	0	1	0	0	NZ_NBBJ01000001.1 Sphingomonas mucosissima strain DSM 17494 SPMU_contig000001, whole genome shotgun sequence [15 total records]
GCF_039710615.1_genomic.fna	3	0	0	0	0	0	0	0	0	0	0	0	2	0	0	1	0	0	NZ_JBDLBR010000001.1 Aurantiacibacter sp. DGU5 contig1, whole genome shotgun sequence [22 total records]
GCA_005503165.1_genomic.fna	2	0	0	0	0	0	0	0	0	0	0	0	1	0	0	1	0	0	SCNT01000010.1 Sphingomonadaceae bacterium 3R27E2-A NODE_10_length_124449_cov_20.485346, whole genome shotgun sequence [92 total records]
GCF_037154085.1_genomic.fna	2	0	0	0	0	0	0	0	0	0	0	0	1	0	0	1	0	0	NZ_JBANRM010000001.1 Altererythrobacter fulvus strain KACC 19119 NODE_1_length_1200119_cov_259.731839, whole genome shotgun sequence [11 total records]
GCF_003860345.1_genomic.fna	2	0	0	0	0	0	0	0	0	0	0	0	1	0	0	1	0	0	NZ_CP034179.1 Caenibius tardaugens NBRC 16725 chromosome, complete genome [1 total record]
GCF_009913435.1_genomic.fna	2	0	0	0	0	0	0	0	0	0	0	0	2	0	0	0	0	0	NZ_CP047895.1 Sphingomonas changnyeongensis strain C33 chromosome, complete genome [2 total records]
GCF_029623345.1_genomic.fna	3	0	0	0	0	0	0	0	0	0	0	1	2	0	0	0	0	0	NZ_JAPYKH010000001.1 Sphingomonas phyllosphaerae strain RIT-Gs-4 1, whole genome shotgun sequence [53 total records]
GCA_016721875.1_genomic.fna	2	0	0	0	0	0	0	0	0	0	0	1	0	1	0	0	0	0	JADKHG010000001.1 MAG: Sphingomonadales bacterium isolate Skiv_18-Q3-R9-52_BAT3C.184 tig00003393-10-5945580, whole genome shotgun sequence [15 total records]
GCF_018682675.1_genomic.fna	3	0	0	0	0	0	0	0	0	0	0	0	2	0	0	1	0	0	NZ_JAFMTR010000001.1 Sphingopyxis soli strain BL03 1, whole genome shotgun sequence [116 total records]
GCF_014199335.1_genomic.fna	3	0	0	0	0	0	0	0	0	0	1	1	0	0	0	1	0	0	NZ_JACIJI010000001.1 Stakelama sediminis strain DSM 27203 Ga0373343_01, whole genome shotgun sequence [24 total records]
GCF_012927105.1_genomic.fna	6	0	0	0	0	0	0	0	0	1	0	0	2	1	0	1	0	1	NZ_JABBFV010000001.1 Sphingobium psychrophilum strain AR-3-1 contig1, whole genome shotgun sequence [83 total records]
GCF_000971055.1_genomic.fna	2	0	0	0	0	0	0	0	0	0	0	0	2	0	0	0	0	0	NZ_LARW01000101.1 Sphingomonas sp. SRS2 contig101, whole genome shotgun sequence [140 total records]
GCF_000013985.1_genomic.fna	2	0	0	0	0	0	0	0	0	0	0	0	1	0	0	1	0	0	NC_008048.1 Sphingopyxis alaskensis RB2256, complete sequence [2 total records]
GCF_001421665.1_genomic.fna	4	0	0	0	0	0	0	0	0	0	0	0	3	0	0	1	0	0	NZ_LMKV01000001.1 Sphingobium sp. Leaf26 contig_1, whole genome shotgun sequence [33 total records]
GCF_026967575.1_genomic.fna	3	0	0	0	0	0	0	0	0	0	0	0	1	1	0	1	0	0	NZ_CP114054.1 Aurantiacibacter sp. MUD11 chromosome, complete genome [1 total record]
GCA_021300355.1_genomic.fna	0	0	0	0	0	0	0	0	0	0	0	0	0	0	0	0	0	0	JAJTEF010000018.1 MAG: Sphingomonadaceae bacterium isolate 49628_E11 Sample_49628_scaffold_1012, whole genome shotgun sequence [75 total records]
GCF_000013325.1_genomic.fna	3	0	0	0	0	0	0	0	1	0	0	0	1	0	0	1	0	0	NC_007794.1 Novosphingobium aromaticivorans DSM 12444, complete sequence [3 total records]
GCF_022568775.1_genomic.fna	1	0	0	0	0	0	0	0	0	0	0	0	1	0	0	0	0	0	NZ_JAKZHW010000001.1 Sphingomonas telluris strain SM33 1, whole genome shotgun sequence [2 total records]
GCF_001717955.1_genomic.fna	4	0	0	0	0	0	0	0	0	0	0	0	2	0	0	1	1	0	NZ_CP014168.1 Sphingomonas panacis strain DCY99 chromosome, complete genome [2 total records]
GCF_001456115.1_genomic.fna	3	0	0	0	0	0	0	0	0	1	0	0	1	0	0	0	0	1	NZ_CP013264.1 Sphingobium baderi strain DE-13 chromosome, complete genome [9 total records]
GCF_024211255.1_genomic.fna	3	0	0	0	0	0	0	0	1	0	0	0	1	0	0	1	0	0	NZ_JAMLDY010000001.1 Sphingomonas liriopis strain RP10 contig1, whole genome shotgun sequence [37 total records]
GCF_013408095.1_genomic.fna	1	0	0	0	0	0	0	0	0	0	0	0	0	0	0	1	0	0	NZ_JACBZF010000001.1 Novosphingobium marinum strain DSM 29043 Ga0373347_01, whole genome shotgun sequence [22 total records]
GCF_036946485.1_genomic.fna	3	0	0	0	0	0	0	0	0	0	0	0	3	0	0	0	0	0	NZ_JAQIJA010000001.1 MAG: Sphingomonas phyllosphaerae isolate bin8 tig00000222, whole genome shotgun sequence [9 total records]
GCF_003605475.1_genomic.fna	3	0	0	0	0	0	0	0	0	0	0	0	2	0	0	1	0	0	NZ_RAHX01000001.1 Aurantiacibacter aquimixticola strain JSSK-14 scaffold1, whole genome shotgun sequence [2 total records]
GCF_003688625.1_genomic.fna	2	0	0	0	0	0	0	0	0	0	0	0	1	0	0	1	0	0	NZ_RCWY01000001.1 Sphingomonas sp. PP-CE-3A-406 Ga0191674_11, whole genome shotgun sequence [5 total records]
GCF_020524485.1_genomic.fna	6	0	0	0	0	0	0	0	0	1	0	0	3	0	0	1	1	0	NZ_JAIVLF010000001.1 Novosphingobium profundi strain EaN21-2 EaN21-2_ctg001, whole genome shotgun sequence [14 total records]
GCF_030717865.1_genomic.fna	1	0	0	0	0	0	0	0	0	0	0	0	0	0	0	1	0	0	NZ_JAVAIL010000010.1 Qipengyuania benthica strain DY56-A-20 NODE_10_length_7006_cov_208.246067, whole genome shotgun sequence [12 total records]
GCF_028595285.1_genomic.fna	2	0	0	0	0	0	0	0	0	0	0	0	1	0	0	1	0	0	NZ_JAQQXQ010000001.1 Erythrobacter fulvus strain sf7 contig1, whole genome shotgun sequence [20 total records]
GCF_900117425.1_genomic.fna	4	0	0	0	0	0	0	0	0	1	0	0	2	0	0	1	0	0	NZ_FPEH01000031.1 Novosphingobium sp. NDB2Meth1, whole genome shotgun sequence [34 total records]
GCF_011047315.1_genomic.fna	2	0	0	0	0	0	0	0	0	0	0	0	2	0	0	0	0	0	NZ_CP049259.1 Altererythrobacter sp. BO-6 chromosome, complete genome [1 total record]
GCF_014199595.1_genomic.fna	3	0	0	0	0	0	0	0	0	0	0	0	2	0	0	1	0	0	NZ_JACHNX010000001.1 Sphingomonas yabuuchiae strain DSM 14562 Ga0373313_01, whole genome shotgun sequence [58 total records]
GCF_038594485.1_genomic.fna	3	0	0	0	0	0	0	0	0	0	0	0	2	0	0	1	0	0	NZ_JBCFZG010000001.1 Citromicrobium bathyomarinum strain MCCC1A09709 contig1, whole genome shotgun sequence [10 total records]
GCF_025244705.1_genomic.fna	2	0	0	0	0	0	0	0	0	0	0	0	1	0	0	1	0	0	NZ_CP104207.1 Sphingopyxis sp. PET50 chromosome, complete genome [1 total record]
GCF_009707465.1_genomic.fna	3	0	0	0	0	0	0	0	0	0	0	0	2	0	0	1	0	0	NZ_CP046120.1 Novosphingobium sp. Gsoil 351 chromosome, complete genome [1 total record]
GCF_018599195.1_genomic.fna	4	0	0	0	0	0	0	0	0	0	0	0	2	1	0	1	0	0	NZ_JAHFVK010000001.1 Croceibacterium selenioxidans strain LX-88 Scaffold1, whole genome shotgun sequence [4 total records]
GCF_030580935.1_genomic.fna	2	0	0	0	0	0	0	0	0	1	0	0	0	0	0	1	0	0	NZ_JAUQOM010000001.1 Sphingobium cyanobacteriorum strain HBC34 contig1, whole genome shotgun sequence [72 total records]
GCF_035593985.1_genomic.fna	3	0	0	0	0	0	0	0	0	0	0	0	3	0	0	0	0	0	NZ_CP141587.1 Sphingomonas sp. LY29 chromosome, complete genome [1 total record]
GCF_040148725.1_genomic.fna	3	0	0	0	0	0	0	0	0	0	0	0	1	1	0	1	0	0	NZ_JAGDEB010000001.1 Erythrobacter sp. NFXS35 NFXS35_1, whole genome shotgun sequence [11 total records]
GCF_000588875.1_genomic.fna	3	0	0	0	0	0	0	0	0	1	0	0	1	0	0	1	0	0	NZ_JEMV01000001.1 Sphingobium sp. Ant17 Contig_2077, whole genome shotgun sequence [199 total records]
GCF_014396785.1_genomic.fna	1	0	0	0	0	0	0	0	0	0	0	0	1	0	0	0	0	0	NZ_CP060718.1 Sphingomonas lutea strain KCTC 23642 chromosome, complete genome [1 total record]
GCF_022758885.1_genomic.fna	5	0	0	0	0	0	0	0	0	1	0	0	2	1	0	1	0	0	NZ_JALEBH010000001.1 Sphingobium sp. BYY-5 Seq1, whole genome shotgun sequence [2 total records]
GCF_002155695.1_genomic.fna	2	0	0	0	0	0	0	0	0	0	0	0	1	0	0	1	0	0	NZ_MUYJ01000010.1 Erythrobacter tepidarius strain DSM 10594 DSM10594_10_160026, whole genome shotgun sequence [32 total records]
GCF_001598455.1_genomic.fna	2	0	0	0	0	0	0	0	0	0	0	0	1	0	0	1	0	0	NZ_BCYZ01000001.1 Sphingomonas pruni NBRC 15498, whole genome shotgun sequence [163 total records]
GCF_015354055.1_genomic.fna	1	0	0	0	0	0	0	0	0	0	0	0	1	0	0	0	0	0	NZ_JACHTM010000010.1 Thermaurantiacus tibetensis strain SYSU G02173 NODE_10_length_2372_cov_513.909_ID_966_1, whole genome shotgun sequence [11 total records]
GCF_006385175.1_genomic.fna	1	0	0	0	0	0	0	0	0	0	0	0	0	1	0	0	0	0	NZ_VFIY01000001.1 Emcibacter nanhaiensis strain MCCC 1A06723 1, whole genome shotgun sequence [19 total records]
GCF_020707215.1_genomic.fna	6	0	0	0	0	0	0	0	0	0	0	1	3	0	0	1	1	0	NZ_JAJFET010000010.1 Sphingomonas sp. PL-96 NODE_10_length_124306_cov_38.089717, whole genome shotgun sequence [20 total records]
GCF_900109565.1_genomic.fna	4	0	0	0	0	0	0	0	0	0	0	0	3	0	0	1	0	0	NZ_FNZZ01000001.1 Sphingomonas palmae strain JS21-1, whole genome shotgun sequence [11 total records]
GCA_947492375.1_genomic.fna	2	0	0	0	0	0	0	0	0	0	0	0	2	0	0	0	0	0	CANLMI010000001.1 uncultured Kordiimonas sp. isolate 81-G.fasta genome assembly, contig: NODE_1, whole genome shotgun sequence [15 total records]
GCF_025736935.1_genomic.fna	2	0	0	0	0	0	0	0	0	0	0	0	1	0	0	1	0	0	NZ_CP107048.1 Qipengyuania sp. SS22 chromosome, complete genome [1 total record]
GCA_019285715.1_genomic.fna	5	0	0	0	0	0	0	0	0	0	0	0	3	1	0	0	1	0	CP079108.1 Sphingosinicellaceae bacterium strain PAMC 29368 chromosome, complete genome [1 total record]
GCA_027531395.1_genomic.fna	2	0	0	0	0	0	0	0	0	0	0	0	1	0	0	1	0	0	JAPZRO010000009.1 MAG: Porphyrobacter sp. isolate LE19-196.1G c_000000000399, whole genome shotgun sequence [19 total records]
GCF_009828095.1_genomic.fna	3	0	0	0	0	0	0	0	0	0	0	0	2	0	0	1	0	0	NZ_WTYP01000001.1 Pontixanthobacter luteolus strain SW-109 NODE_1_length_1758890, whole genome shotgun sequence [3 total records]
GCF_002797435.1_genomic.fna	4	0	0	0	0	0	0	0	0	0	0	0	2	1	0	1	0	0	NZ_PGEN01000001.1 Sphingomonas koreensis strain JSS26 Ga0059261_unitig_0_quiver.1, whole genome shotgun sequence [1 total record]
GCF_020866845.1_genomic.fna	4	0	0	0	0	0	0	0	0	0	0	0	3	0	0	1	0	0	NZ_CP086594.1 Sphingomonas radiodurans strain S9-5 chromosome, complete genome [1 total record]
GCF_001550055.1_genomic.fna	2	0	0	0	0	0	0	0	0	0	0	0	2	0	0	0	0	0	NZ_LRUA01000001.1 Kordiimonas lacus strain S3-22 S3-22_S1, whole genome shotgun sequence [10 total records]
GCF_004340945.1_genomic.fna	4	0	0	0	0	0	0	0	1	0	0	0	1	1	0	1	0	0	NZ_SLYD01000001.1 Sphingomonas sp. PP-F2F-A104-K0414 Ga0191680_101, whole genome shotgun sequence [24 total records]
GCA_001556995.1_genomic.fna	1	0	0	0	0	0	0	0	0	0	0	0	0	0	0	1	0	0	LSKF01000001.1 Erythrobacteraceae bacterium CCH12-C2 CCH12-C2_contig1, whole genome shotgun sequence [124 total records]
GCA_947499155.1_genomic.fna	2	0	0	0	0	0	0	0	0	0	0	0	1	1	0	0	0	0	CANMND010000001.1 uncultured Sphingomonadales bacterium isolate N2E045-3Z.fasta genome assembly, contig: NODE_1, whole genome shotgun sequence [13 total records]
GCF_004361835.1_genomic.fna	4	0	0	0	0	0	0	0	0	0	1	0	2	0	0	1	0	0	NZ_SNWD01000001.1 Stakelama pacifica strain DSM 25059 Ga0310488_101, whole genome shotgun sequence [31 total records]
GCF_011762025.1_genomic.fna	3	0	0	0	0	0	0	0	0	0	0	0	2	0	0	1	0	0	NZ_JAASQR010000001.1 Sphingobium vermicomposti strain DSM 21299 Ga0373322_01, whole genome shotgun sequence [6 total records]
GCF_004152845.1_genomic.fna	8	0	0	0	0	1	0	0	1	1	0	0	3	0	0	1	1	0	NZ_SEON01000010.1 Sphingobium fuliginis strain DSM 18781 NODE_10_length_108966_cov_86.685499, whole genome shotgun sequence [21 total records]
GCF_023380025.1_genomic.fna	2	0	0	0	0	0	0	0	0	0	0	0	2	0	0	0	0	0	NZ_CP097253.1 Sphingomonas glaciei strain S8-45 chromosome, complete genome [1 total record]
GCF_029911635.1_genomic.fna	2	0	0	0	0	0	0	0	0	0	0	0	1	0	0	1	0	0	NZ_JARYTI010000100.1 Sphingomonas sp. AR_OL41 NODE_100_length_12211_cov_25.772261, whole genome shotgun sequence [148 total records]
GCF_014636175.1_genomic.fna	2	0	0	0	0	0	0	0	0	0	0	0	1	0	0	1	0	0	NZ_BMDW01000001.1 Sphingomonas psychrolutea strain CGMCC 1.10106 sequence01, whole genome shotgun sequence [52 total records]
GCF_037482895.1_genomic.fna	3	0	0	0	0	0	0	0	0	0	0	1	2	0	0	0	0	0	NZ_JBBHJZ010000001.1 Novosphingobium sp. PS1R-30 1, whole genome shotgun sequence [18 total records]
GCF_000427645.1_genomic.fna	2	0	0	0	0	0	0	0	0	0	0	0	2	0	0	0	0	0	NZ_KE386571.1 Sphingomonas phyllosphaerae FA2 SphspDRAFT_scaffold1.1, whole genome shotgun sequence [2 total records]
GCF_000420765.1_genomic.fna	0	0	0	0	0	0	0	0	0	0	0	0	0	0	0	0	0	0	NZ_ATVO01000001.1 Sandarakinorhabdus limnophila DSM 17366 G566DRAFT_scaffold00010.10_C, whole genome shotgun sequence [11 total records]
GCF_900199185.1_genomic.fna	3	0	0	0	0	0	0	0	0	0	0	0	2	0	0	1	0	0	NZ_OBMI01000006.1 Sphingomonas guangdongensis strain CGMCC 1.12672, whole genome shotgun sequence [6 total records]
GCF_011057975.1_genomic.fna	3	0	0	0	0	0	0	0	0	0	0	0	1	1	0	1	0	0	NZ_CP049109.1 Sphingosinithalassobacter tenebrarum strain zrk23 chromosome, complete genome [1 total record]
GCF_012932495.1_genomic.fna	4	0	0	0	0	0	0	0	0	1	0	0	1	0	0	1	1	0	NZ_JABCNG010000001.1 Novosphingobium sp. SG919 Ga0365383_01, whole genome shotgun sequence [21 total records]
GCF_001742225.1_genomic.fna	7	0	0	0	0	0	0	0	0	0	0	0	4	1	0	1	1	0	NZ_CP017075.1 Novosphingobium resinovorum strain SA1 chromosome, complete genome [5 total records]
GCF_009827535.1_genomic.fna	3	0	0	0	0	0	0	0	0	0	0	0	3	0	0	0	0	0	NZ_WTYN01000010.1 Qipengyuania oceanensis strain MCCC 1A09965 NODE_10_length_4687, whole genome shotgun sequence [14 total records]
GCA_001306305.2_genomic.fna	2	0	0	0	0	0	0	0	0	0	0	0	1	0	0	1	0	0	CP155577.1 Citromicrobium bathyomarinum strain JL2201 chromosome, complete genome [1 total record]
GCF_036663735.1_genomic.fna	2	0	0	0	0	0	0	0	0	0	0	0	1	0	0	0	0	1	NZ_JAXOJO010000001.1 Sphingomonas sp. ZT3P38 Y660_1, whole genome shotgun sequence [103 total records]
GCF_028607085.1_genomic.fna	3	0	0	0	0	0	0	0	0	0	0	0	1	1	0	0	1	0	NZ_CP117411.1 Sphingomonas naphthae strain KACC 18716 chromosome, complete genome [5 total records]
GCF_030867385.1_genomic.fna	2	0	0	0	0	0	0	0	0	0	0	0	1	0	0	1	0	0	NZ_JAPFBJ010000001.1 Sphingobium sp. DEHP117 contig1, whole genome shotgun sequence [5 total records]
GCF_023195535.1_genomic.fna	5	0	0	0	0	0	0	0	1	0	0	0	3	0	0	1	0	0	NZ_JALPNF010000010.1 Sphingomonas faeni strain ERG1.4 NODE_10_length_107387_cov_49.794061, whole genome shotgun sequence [28 total records]
GCF_001542855.1_genomic.fna	2	0	0	0	0	0	0	0	0	0	0	0	1	0	0	1	0	0	NZ_LNBY01000001.1 Erythrobacter sp. AP23 contig1, whole genome shotgun sequence [20 total records]
GCF_019204005.1_genomic.fna	1	0	0	0	0	0	0	0	0	0	0	0	0	0	0	1	0	0	NZ_JAGSPA010000001.1 Pacificimonas pallii strain WHA3 1, whole genome shotgun sequence [7 total records]
GCF_001421805.1_genomic.fna	2	0	0	0	0	0	0	0	0	0	0	0	0	0	0	1	0	1	NZ_LMLC01000001.1 Sphingomonas sp. Leaf34 contig_1, whole genome shotgun sequence [6 total records]
GCA_947501215.1_genomic.fna	3	0	0	0	0	0	0	0	0	0	0	0	2	0	0	1	0	0	CANMUS010000001.1 uncultured Erythrobacter sp. isolate 998.fasta genome assembly, contig: NODE_1, whole genome shotgun sequence [11 total records]
GCF_900115585.1_genomic.fna	1	0	0	0	0	0	0	0	0	0	0	0	0	0	0	1	0	0	NZ_FOWZ01000011.1 Qipengyuania nanhaisediminis strain CGMCC 1.7715, whole genome shotgun sequence [12 total records]
GCF_001661915.1_genomic.fna	2	0	0	0	0	0	0	0	0	0	0	1	1	0	0	0	0	0	NZ_LYWY01000010.1 Croceicoccus pelagius strain Ery9 Ery9_C10_4733, whole genome shotgun sequence [40 total records]
GCF_900101455.1_genomic.fna	3	0	0	0	0	0	0	0	1	0	0	1	1	0	0	0	0	0	NZ_FMZJ01000047.1 Sphingomonas sp. YR710, whole genome shotgun sequence [47 total records]
GCF_040534015.1_genomic.fna	5	0	0	0	0	0	0	0	0	0	0	0	3	1	0	1	0	0	NZ_JBEWLY010000001.1 Novosphingobium sp. RD2P27 32, whole genome shotgun sequence [27 total records]
GCF_003347635.1_genomic.fna	2	0	0	0	0	0	0	0	0	0	0	0	1	0	0	1	0	0	NZ_QDFY01000001.1 Sphingosinicella terrae strain KCTC 52780 s.270_Contig1, whole genome shotgun sequence [46 total records]
GCF_009828115.1_genomic.fna	4	0	0	0	0	0	0	0	0	0	0	0	3	0	0	1	0	0	NZ_WTYL01000001.1 Allopontixanthobacter sediminis strain KCTC 42453 NODE_1_length_1194408, whole genome shotgun sequence [6 total records]
GCA_947500295.1_genomic.fna	1	0	0	0	0	0	0	0	0	0	0	0	1	0	0	0	0	0	CANMRM010000001.1 uncultured Kordiimonas sp. isolate 2-78-G.fasta genome assembly, contig: NODE_1, whole genome shotgun sequence [10 total records]
GCF_000585415.1_genomic.fna	1	0	0	0	0	0	0	0	0	0	0	0	1	0	0	0	0	0	NZ_KK073876.1 Sphingomonas jaspsi DSM 18422 G570DRAFT_scaffold00001.1, whole genome shotgun sequence [1 total record]
GCF_014705715.1_genomic.fna	2	0	0	0	0	0	0	0	0	0	1	0	1	0	0	0	0	0	NZ_JACXLC010000001.1 Erythrobacter rubeus strain KMU-140 contig1, whole genome shotgun sequence [4 total records]
GCF_016461955.1_genomic.fna	3	0	0	0	0	0	0	0	0	0	0	0	2	0	0	1	0	0	NZ_JADMNM010000001.1 Qipengyuania sp. YIM B01966 Scaffold1, whole genome shotgun sequence [33 total records]
GCF_014641655.1_genomic.fna	2	0	0	0	0	0	0	0	0	0	0	0	1	0	0	1	0	0	NZ_BMID01000001.1 Blastomonas marina strain CGMCC 1.15297 sequence01, whole genome shotgun sequence [18 total records]
GCF_002197685.1_genomic.fna	4	0	0	0	0	0	0	0	0	1	0	0	2	0	0	1	0	0	NZ_NBBI01000001.1 Sphingomonas dokdonensis strain DSM 21029 SPDO_contig000001, whole genome shotgun sequence [16 total records]
GCF_016704835.1_genomic.fna	3	0	0	0	0	0	0	0	0	0	0	0	2	0	0	1	0	0	NZ_JADIZJ010000001.1 MAG: Sphingopyxis sp. isolate AalE_18-Q3-R2-46_MAXAC.104 tig00000526-10-15427290, whole genome shotgun sequence [22 total records]
GCF_037572715.1_genomic.fna	3	0	0	0	0	0	0	0	0	0	0	0	2	0	0	1	0	0	NZ_JBBHJY010000001.1 Novosphingobium sp. AS3R-12 1, whole genome shotgun sequence [29 total records]
GCF_023516455.1_genomic.fna	1	0	0	0	0	0	0	0	0	0	0	0	1	0	0	0	0	0	NZ_JAMGBA010000001.1 Sphingomonas caseinilyticus strain NSE70-1 1, whole genome shotgun sequence [5 total records]
GCA_900100475.1_genomic.fna	5	0	0	0	0	0	0	0	0	2	0	0	2	0	0	1	0	0	FMTU01000090.1 Sphingobium faniae strain CGMCC 1.7749 genome assembly, contig: IQ30DRAFT_scaffold00090.90, whole genome shotgun sequence [93 total records]
GCA_024072375.1_genomic.fna	3	0	0	0	0	0	0	0	0	0	1	0	1	0	0	1	0	0	CP099617.1 Sphingomonadaceae bacterium OTU29LAMAA1 chromosome, complete genome [2 total records]
GCF_001650735.1_genomic.fna	2	0	0	0	0	0	0	0	0	0	0	1	0	0	1	0	0	0	NZ_LXVY01000001.1 Sphingomonas sp. TDK1 TDK1_contig_1, whole genome shotgun sequence [48 total records]
GCA_947503245.1_genomic.fna	2	0	0	0	0	0	0	0	0	0	0	0	1	0	0	1	0	0	CANNCV010000001.1 uncultured Sphingomonadaceae bacterium isolate 1052-G.fasta genome assembly, contig: NODE_1, whole genome shotgun sequence [6 total records]
GCF_001424005.1_genomic.fna	3	0	0	0	0	0	0	0	0	0	0	0	2	0	0	1	0	0	NZ_LMPX01000001.1 Sphingomonas sp. Leaf198 contig_1, whole genome shotgun sequence [7 total records]
GCF_025574485.1_genomic.fna	2	0	0	0	0	0	0	0	0	0	0	0	2	0	0	0	0	0	NZ_JAOBPO010000001.1 Kordiimonas aquimaris strain JCM 16665 JCM16665_1, whole genome shotgun sequence [26 total records]
GCF_039968395.1_genomic.fna	3	0	0	0	0	0	0	0	0	0	0	0	2	0	0	1	0	0	NZ_JBDVPV010000001.1 MAG: Parasphingorhabdus sp. isolate LC.06.F.A3_204_26 LC_06_F_A3_204_26_000000000001, whole genome shotgun sequence [5 total records]
GCF_022832385.1_genomic.fna	5	0	0	0	0	1	0	0	0	0	0	0	3	0	0	1	0	0	NZ_JALHLE010000001.1 Novosphingobium album (ex Hu et al. 2023) strain B2580 contig1, whole genome shotgun sequence [73 total records]
GCA_947499975.1_genomic.fna	4	0	0	0	0	0	0	0	0	0	0	0	1	2	0	1	0	0	CANMQE010000001.1 uncultured Sphingomonadaceae bacterium isolate 3-2033-3Z.fasta genome assembly, contig: NODE_1, whole genome shotgun sequence [9 total records]
GCF_009905735.1_genomic.fna	2	0	0	0	0	0	0	0	0	0	0	0	1	0	0	1	0	0	NZ_JAAALE010000001.1 Porphyrobacter sp. SLTP SLTPS5_1, whole genome shotgun sequence [33 total records]
GCF_035989265.1_genomic.fna	4	0	0	0	0	0	0	0	0	1	0	0	2	0	0	1	0	0	NZ_JAYKZX010000001.1 Sphingobium sp. HWE2-09 contig_1, whole genome shotgun sequence [3 total records]
GCF_036663775.1_genomic.fna	2	0	0	0	0	0	0	0	0	0	0	0	2	0	0	0	0	0	NZ_JAXOJM010000001.1 Sphingomonas sp. RB1R13 Y664_1, whole genome shotgun sequence [137 total records]
GCF_031457155.1_genomic.fna	1	0	0	0	0	0	0	0	0	0	0	0	1	0	0	0	0	0	NZ_JAVDWB010000001.1 Croceicoccus sp. BE223 Ga0454548_01, whole genome shotgun sequence [14 total records]
GCF_010994245.1_genomic.fna	2	0	0	0	0	1	0	0	0	0	0	1	0	0	0	0	0	0	NZ_WMHO01000001.1 Sandarakinorhabdus rubra strain MO-4 1, whole genome shotgun sequence [395 total records]
GCF_039537965.1_genomic.fna	2	0	0	0	0	0	0	0	0	0	0	0	2	0	0	0	0	0	NZ_BAABBM010000001.1 Sphingomonas limnosediminicola strain JCM 17543 sequence1, whole genome shotgun sequence [1 total record]
GCF_040407505.1_genomic.fna	3	0	0	0	0	0	0	0	0	0	0	0	1	0	0	1	1	0	NZ_JAPZPQ010000010.1 Sphingomonas faeni strain P300S2 NODE_10_length_89147_cov_182.981891, whole genome shotgun sequence [16 total records]
GCF_001556865.1_genomic.fna	2	0	0	0	0	0	0	0	0	0	0	0	1	0	0	1	0	0	NZ_LSJY01000001.1 Sphingobium sp. CCH11-B1 CCH11-B1_contig1, whole genome shotgun sequence [187 total records]
GCF_000712135.1_genomic.fna	4	0	0	0	0	0	0	0	0	0	1	0	2	0	0	1	0	0	NZ_JOOE01000001.1 Sphingomonas sp. UNC305MFCol5.2 BR78DRAFT_scaffold00001.1_C, whole genome shotgun sequence [7 total records]
GCA_947501695.1_genomic.fna	5	0	0	0	0	0	0	0	0	0	0	0	4	0	0	1	0	0	CANMWO010000001.1 uncultured Sphingomonadaceae bacterium isolate YR25-13-3Z.fasta genome assembly, contig: NODE_1, whole genome shotgun sequence [4 total records]
GCF_024721585.1_genomic.fna	1	0	0	0	0	0	0	0	0	0	0	0	1	0	0	0	0	0	NZ_CP102629.1 Sphingomicrobium aestuariivivum strain KCTC 42286 chromosome [1 total record]
GCF_023516495.1_genomic.fna	1	0	0	0	0	0	0	0	0	0	0	0	1	0	0	0	0	0	NZ_JAMGBC010000001.1 Sphingomonas anseongensis strain RG327 1, whole genome shotgun sequence [1 total record]
GCF_000512205.2_genomic.fna	2	0	0	0	0	0	0	0	0	0	0	0	1	0	0	0	1	0	NZ_CP006644.1 Sphingomonas sanxanigenens DSM 19645 = NX02 chromosome, complete genome [2 total records]
GCF_004153605.1_genomic.fna	1	0	0	0	0	0	0	0	0	0	0	0	1	0	0	0	0	0	NZ_SDSI01000001.1 Qipengyuania thermophila strain CFH 74456 scaffold1, whole genome shotgun sequence [13 total records]
GCF_026157085.1_genomic.fna	1	0	0	0	0	0	0	0	0	0	0	0	1	0	0	0	0	0	NZ_JANPVN010000001.1 Sphingomicrobium arenosum strain NBRC 113094 NODE_1_length_2539781_cov_260.733334, whole genome shotgun sequence [3 total records]
GCF_002251755.1_genomic.fna	2	0	0	0	0	1	0	0	0	0	0	0	1	0	0	0	0	0	NZ_NOXT01000032.1 Sandarakinorhabdus cyanobacteriorum strain TH057 C7377, whole genome shotgun sequence [129 total records]
GCF_007859635.1_genomic.fna	2	0	0	0	0	0	0	0	0	0	0	0	1	0	0	1	0	0	NZ_CP042306.1 Sphingomonas panacisoli strain HKS19 chromosome, complete genome [1 total record]
GCA_017302615.1_genomic.fna	1	0	0	0	0	0	0	0	0	0	0	0	0	0	0	1	0	0	JAFLDB010000001.1 MAG: Sphingomonadales bacterium isolate UWPOB_SPHING2 gnl_X_LDJEEBND_1, whole genome shotgun sequence [33 total records]
GCA_013816585.1_genomic.fna	1	0	0	0	0	0	0	0	0	0	0	0	0	1	0	0	0	0	JACDEE010000048.1 MAG: Sphingosinicella sp. isolate MGR_bin352 SD2902_NODE_10767_length_3240_cov_21.124639, whole genome shotgun sequence [62 total records]
GCF_012979535.1_genomic.fna	2	0	0	0	0	0	0	0	0	0	0	0	1	0	0	1	0	0	NZ_CP053015.1 Sphingomonas lacunae strain CSW-10 chromosome, complete genome [1 total record]
GCF_030128825.1_genomic.fna	4	0	0	0	0	0	0	0	0	0	0	0	2	0	0	1	1	0	NZ_CP119127.1 Sphingobium sp. WTD-1 chromosome, complete genome [6 total records]
GCF_026157035.1_genomic.fna	1	0	0	0	0	0	0	0	0	0	0	0	1	0	0	0	0	0	NZ_JANJZA010000001.1 Sphingomicrobium nitratireducens strain O-35 NODE_1_length_2101414_cov_284.135371, whole genome shotgun sequence [3 total records]
GCF_016820445.1_genomic.fna	1	0	0	0	0	0	0	0	0	0	0	0	0	0	0	1	0	0	NZ_JADHDT010000010.1 Sphingomonas beigongshangi strain REN5 NODE_10_length_64768_cov_191.279560, whole genome shotgun sequence [21 total records]
GCF_009827445.1_genomic.fna	3	0	0	0	0	0	0	0	0	0	0	0	2	0	0	1	0	0	NZ_WTYI01000001.1 Qipengyuania aquimaris strain JCM 12189 NODE_1_length_2662510, whole genome shotgun sequence [1 total record]
GCF_025154015.1_genomic.fna	2	0	0	0	0	0	0	0	0	0	0	0	1	0	0	1	0	0	NZ_JAOAMV010000010.1 Tsuneonella litorea strain YG55 NODE_10_length_22799_cov_284.553516, whole genome shotgun sequence [26 total records]
GCF_023822065.1_genomic.fna	3	0	0	0	0	0	0	0	0	0	0	0	2	0	0	1	0	0	NZ_CP084930.1 Sphingomonas morindae strain NBD5 chromosome 1, complete sequence [4 total records]
GCF_030657335.1_genomic.fna	2	0	0	0	0	0	0	0	0	0	0	0	1	0	0	1	0	0	NZ_CP131039.1 Croceibacterium aestuarii strain D39 chromosome [1 total record]
GCF_004341085.1_genomic.fna	3	0	0	0	0	0	0	0	0	0	0	0	2	0	0	1	0	0	NZ_SLXW01000001.1 Sphingomonas sp. PP-CE-1G-424 Ga0191677_101, whole genome shotgun sequence [29 total records]
GCF_023559245.1_genomic.fna	2	0	0	0	0	0	0	0	0	0	0	0	2	0	0	0	0	0	NZ_CP097462.1 Sphingomonas sp. KRR8 chromosome, complete genome [1 total record]
GCF_019898765.1_genomic.fna	3	0	0	0	0	0	0	0	0	0	0	1	2	0	0	0	0	0	NZ_JAIOKB010000010.1 Sphingomonas yunnanensis strain YIM 3 NODE_10_length_151349_cov_83.821898, whole genome shotgun sequence [18 total records]
GCF_036663715.1_genomic.fna	3	0	0	0	0	0	0	0	0	0	0	0	2	0	0	0	1	0	NZ_JAXOJN010000001.1 Sphingomonas sp. ZB1N12 Y661_1, whole genome shotgun sequence [63 total records]
GCF_026420865.1_genomic.fna	4	0	0	0	0	0	0	0	0	0	0	0	2	0	0	1	1	0	NZ_JAPCWC010000001.1 Novosphingobium clariflavum strain 164 1, whole genome shotgun sequence [94 total records]
GCF_000787715.1_genomic.fna	1	0	0	0	0	0	0	0	0	0	0	0	0	0	0	1	0	0	NZ_BBPI01000121.1 Sphingomonas parapaucimobilis NBRC 15100, whole genome shotgun sequence [117 total records]
GCF_020404405.1_genomic.fna	5	0	0	0	0	0	0	0	0	1	0	1	1	0	0	1	1	0	NZ_JAIZDA010000010.1 Novosphingobium sp. FKTRR1 Scaffold10_1, whole genome shotgun sequence [94 total records]
GCF_001555965.1_genomic.fna	2	0	0	0	0	0	0	0	0	0	0	0	2	0	0	0	0	0	NZ_LSHX01000001.1 Sphingomonas sp. CCH21-G11 CCH21-G11_contig1, whole genome shotgun sequence [58 total records]
GCA_003241875.1_genomic.fna	4	0	0	0	1	0	0	0	0	0	0	1	2	0	0	0	0	0	QBLU01000100.1 MAG: Alphaproteobacteria bacterium isolate ULC179bin3 scaffold100_size5661, whole genome shotgun sequence [111 total records]
GCF_019711515.1_genomic.fna	3	0	0	0	0	0	0	0	0	0	0	0	2	0	0	1	0	0	NZ_JAIGNO010000010.1 Qipengyuania qiaonensis strain 6D47A NODE_10_length_99686_cov_184.015159, whole genome shotgun sequence [33 total records]
GCF_025938155.1_genomic.fna	4	0	0	0	0	0	0	0	1	0	0	0	2	0	0	1	0	0	NZ_JAPCZG010000001.1 Novosphingobium sp. KCTC 2891 strain 16085 2891_1, whole genome shotgun sequence [33 total records]
GCF_014652555.1_genomic.fna	4	0	0	0	0	0	0	0	0	0	0	0	1	1	0	1	1	0	NZ_BMZA01000001.1 Novosphingobium colocasiae strain KCTC 32255 sequence01, whole genome shotgun sequence [63 total records]
GCF_009827435.1_genomic.fna	3	0	0	0	0	0	0	0	0	0	0	0	2	0	0	1	0	0	NZ_WTYM01000015.1 Croceibacterium salegens strain MCCC 1K01500 137, whole genome shotgun sequence [46 total records]
GCF_021403115.1_genomic.fna	3	0	0	0	0	0	0	0	1	0	0	0	1	0	0	1	0	0	NZ_JAJSSH010000010.1 Sphingobium sufflavum strain HL-25 Scaffold10_1, whole genome shotgun sequence [37 total records]
GCF_009827315.1_genomic.fna	3	0	0	0	0	0	0	0	0	0	0	0	2	0	0	1	0	0	NZ_WTYF01000004.1 Qipengyuania gaetbuli strain DSM 16225 DSM16225_1_2293368, whole genome shotgun sequence [4 total records]
GCF_023197165.1_genomic.fna	3	0	0	0	0	0	0	0	0	0	0	0	2	0	0	1	0	0	NZ_JALPRD010000001.1 Sphingopyxis sp. MSC1_008 PNNL_MSC-1_Str_008_scaf0001, whole genome shotgun sequence [28 total records]
GCF_014199325.1_genomic.fna	3	0	0	0	0	0	0	0	0	0	0	1	2	0	0	0	0	0	NZ_JACIJJ010000001.1 Sphingomonas yantingensis strain DSM 27244 Ga0373344_01, whole genome shotgun sequence [11 total records]
GCF_015694345.1_genomic.fna	3	0	0	0	0	0	0	0	0	0	0	0	2	0	0	1	0	0	NZ_JADQDC010000010.1 Novosphingobium jiangmenense strain 1Y9A NODE_10_length_162837_cov_51.634110, whole genome shotgun sequence [31 total records]
GCF_028869115.1_genomic.fna	1	0	0	0	0	0	0	0	0	0	0	0	0	1	0	0	0	0	NZ_CP079800.1 Pseudemcibacter aquimaris strain Y4 chromosome, complete genome [1 total record]
GCF_014873485.1_genomic.fna	4	0	0	0	0	0	0	0	0	0	0	0	3	0	0	1	0	0	NZ_JADBDT010000001.1 Sphingopyxis sp. OAS728 Ga0395966_01, whole genome shotgun sequence [1 total record]
GCF_023516575.1_genomic.fna	1	0	0	0	0	0	0	0	0	0	0	0	1	0	0	0	0	0	NZ_JAMGBE010000001.1 Sphingomonas hankyongi strain SE220 1, whole genome shotgun sequence [4 total records]
GCF_009755815.1_genomic.fna	3	0	0	0	0	0	0	0	0	0	0	0	1	0	0	1	1	0	NZ_WRPK01000010.1 Sphingomonas formosensis strain CC-Nfb-2 NODE_10_length_320918_cov_27.425275_cov_27.425275, whole genome shotgun sequence [39 total records]
GCF_012927405.1_genomic.fna	3	0	0	0	0	0	0	0	0	0	0	1	1	0	0	1	0	0	NZ_JABBGM010000001.1 Novosphingobium olei strain TW-4 contig1, whole genome shotgun sequence [44 total records]
GCF_024236215.1_genomic.fna	1	0	0	0	0	0	0	0	0	0	0	0	0	0	0	1	0	0	NZ_JACKKX010000001.1 MAG: Novosphingobium sp. isolate HK-STAS-PROT-76 HK-STAS-PROT-76_1, whole genome shotgun sequence [7 total records]
GCA_035576365.1_genomic.fna	1	0	0	0	0	0	0	0	0	0	0	0	1	0	0	0	0	0	DATLWK010000001.1 MAG TPA_asm: Sphingomicrobium sp. isolate SMAG_U13216 k141_14163, whole genome shotgun sequence [18 total records]
GCF_006438955.1_genomic.fna	1	0	0	0	0	0	0	0	0	0	0	0	0	0	0	1	0	0	NZ_RCZK01000001.1 Sphingomonas oligophenolica strain S5.1 scaffold1.1, whole genome shotgun sequence [45 total records]
GCF_036352595.1_genomic.fna	8	0	0	0	0	0	0	0	0	0	0	0	6	0	0	1	1	0	NZ_JAZFAX010000001.1 Novosphingobium resinovorum strain Shazo N NODE_1_length_605695_cov_177.618992, whole genome shotgun sequence [112 total records]
GCF_036721295.1_genomic.fna	1	0	0	0	0	0	0	0	0	0	0	0	1	0	0	0	0	0	NZ_DAIMLK010000019.1 MAG: Sphingorhabdus sp. isolate CTOTU2210 NODE_116_length_35181_cov_6.158373, whole genome shotgun sequence [35 total records]
GCF_037154195.1_genomic.fna	5	0	0	0	0	0	0	0	0	1	0	0	2	1	0	1	0	0	NZ_JBANFM010000001.1 Sphingobium aromaticivastans strain DSM 105181 NODE_1_length_376662_cov_127.836133, whole genome shotgun sequence [90 total records]
GCF_000253255.1_genomic.fna	5	0	0	0	0	0	0	0	0	0	0	0	3	0	0	1	1	0	NC_015580.1 Novosphingobium sp. PP1Y, complete sequence [4 total records]
GCF_003096275.1_genomic.fna	3	0	0	0	0	0	0	0	0	0	0	0	1	1	1	0	0	0	NZ_QENQ01000001.1 Sphingomonas pokkalii strain L3B27 Scaffold_1, whole genome shotgun sequence [8 total records]
GCF_009827395.1_genomic.fna	3	0	0	0	0	0	0	0	0	1	0	0	1	0	0	1	0	0	NZ_WTYX01000001.1 Pontixanthobacter aquaemixtae strain KCTC 52763 NODE_1_length_1911832, whole genome shotgun sequence [3 total records]
GCF_001307295.1_genomic.fna	2	0	0	0	0	0	0	0	0	0	0	0	1	0	0	1	0	0	NZ_CP012700.1 Sphingopyxis macrogoltabida strain EY-1 chromosome, complete genome [6 total records]
GCF_011927635.1_genomic.fna	3	0	0	0	0	0	0	0	0	0	0	1	1	0	1	0	0	0	NZ_JAATJB010000001.1 Sphingomonas trueperi strain DSM 7225 Ga0373209_01, whole genome shotgun sequence [43 total records]
GCF_001598415.1_genomic.fna	5	0	0	0	0	0	0	0	0	0	0	0	4	0	0	1	0	0	NZ_BCYX01000001.1 Sphingomonas mali NBRC 15500, whole genome shotgun sequence [104 total records]
GCA_963422345.1_genomic.fna	2	0	0	0	0	0	0	0	0	0	0	0	1	0	0	1	0	0	OY729425.1 MAG: uncultured Sphingomonas sp. isolate aa90e4eb-006a-47b9-aefd-4e910724d8fc genome assembly, chromosome: 1 [1 total record]
GCF_001678665.1_genomic.fna	3	0	0	0	0	0	0	0	0	0	0	1	1	0	0	1	0	0	NZ_LZRP01000001.1 Erythrobacter sp. QSSC1-22B contig00001, whole genome shotgun sequence [34 total records]
GCF_001426195.1_genomic.fna	3	0	0	0	0	0	0	0	1	0	0	0	2	0	0	0	0	0	NZ_LMRS01000001.1 Sphingomonas sp. Leaf339 scaffold1.1, whole genome shotgun sequence [30 total records]
GCF_040407495.1_genomic.fna	3	0	0	0	0	0	0	0	0	0	0	0	2	0	0	1	0	0	NZ_JAPZPP010000010.1 Sphingomonas faeni strain P300S1 NODE_10_length_5811_cov_691.392745, whole genome shotgun sequence [12 total records]
GCF_001519075.1_genomic.fna	3	0	0	0	0	0	0	0	0	0	0	0	2	0	0	1	0	0	NZ_KQ954244.1 Novosphingobium fuchskuhlense strain FNE08-7 PRJNA299317_s001, whole genome shotgun sequence [6 total records]
GCF_000797515.1_genomic.fna	2	0	0	0	0	0	0	0	0	0	0	0	1	0	0	1	0	0	NZ_JSBN01000001.1 Sphingomonas sp. Ant H11 contig_1, whole genome shotgun sequence [212 total records]
GCF_014200045.1_genomic.fna	4	0	0	0	0	0	0	0	0	0	0	1	1	1	0	1	0	0	NZ_JACHOV010000001.1 Rhizorhapis suberifaciens strain DSM 7465 Ga0373210_01, whole genome shotgun sequence [34 total records]
GCA_963662855.1_genomic.fna	2	0	0	0	0	0	0	0	0	0	0	0	1	0	0	1	0	0	OY759757.1 MAG: uncultured Caenibius sp. isolate 2b5e544d-74ba-4d02-9fd3-c32a5352e489 genome assembly, chromosome: 1 [5 total records]
GCF_029623755.1_genomic.fna	3	0	0	0	0	0	0	0	0	0	0	0	2	0	0	1	0	0	NZ_CP121106.1 Altererythrobacter sp. CAU 1644 chromosome [1 total record]
GCF_036663615.1_genomic.fna	4	0	0	0	0	0	0	0	0	0	0	0	3	0	0	1	0	0	NZ_JAXOJJ010000001.1 Sphingomonas sp. PB2P19 Y677_1, whole genome shotgun sequence [35 total records]
GCA_947503575.1_genomic.fna	1	0	0	0	0	0	0	0	0	0	0	0	1	0	0	0	0	0	CANNDZ010000001.1 uncultured Kordiimonas sp. isolate 176-3Z.fasta genome assembly, contig: NODE_1, whole genome shotgun sequence [6 total records]
GCF_900105095.1_genomic.fna	4	0	0	0	0	0	0	0	0	0	0	0	3	0	0	1	0	0	NZ_LT629743.1 Erythrobacter sp. HL-111 chromosome I [1 total record]
GCF_014196055.1_genomic.fna	4	0	0	0	0	0	0	0	0	0	0	1	1	0	0	1	1	0	NZ_JACICY010000001.1 Novosphingobium hassiacum strain DSM 14552 Ga0373213_01, whole genome shotgun sequence [56 total records]
GCF_036663795.1_genomic.fna	2	0	0	0	0	0	0	0	0	0	0	0	1	0	0	1	0	0	NZ_JAXOJP010000001.1 Sphingomonas sp. RT2P30 Y658_1, whole genome shotgun sequence [93 total records]
GCF_009827635.1_genomic.fna	3	0	0	0	0	0	0	0	0	0	0	0	3	0	0	0	0	0	NZ_WTYW01000001.1 Parapontixanthobacter aurantiacus strain MCCC 1A09962 NODE_1_length_1686974, whole genome shotgun sequence [7 total records]
GCF_007991615.1_genomic.fna	3	0	0	0	0	0	0	0	0	0	0	0	2	0	0	1	0	0	NZ_BJYR01000001.1 Novosphingobium sediminis strain NBRC 106119 sequence01, whole genome shotgun sequence [59 total records]
GCF_009828025.1_genomic.fna	2	0	0	0	0	0	0	0	0	0	0	0	2	0	0	0	0	0	NZ_WTYA01000010.1 Qipengyuania algicida strain KEMB 9005-328 NODE_10_length_157774, whole genome shotgun sequence [21 total records]
GCF_019793235.1_genomic.fna	2	0	0	0	0	0	0	0	0	0	0	0	1	0	0	1	0	0	NZ_JAILXK010000001.1 Sphingopyxis jiangsuensis strain XHP0097 NODE_1_length_1705527_cov_65.983528, whole genome shotgun sequence [3 total records]
GCF_900143235.1_genomic.fna	1	0	0	0	0	0	0	0	0	0	0	0	0	0	0	1	0	0	NZ_FRDF01000025.1 Erythrobacter sanguineus strain DSM 11032, whole genome shotgun sequence [25 total records]
GCF_036402235.1_genomic.fna	5	0	0	0	0	0	0	0	0	0	0	0	3	1	0	1	0	0	NZ_DASWTG010000001.1 MAG: Sphingomonas sp. isolate SMAG_U3569 k141_133934, whole genome shotgun sequence [93 total records]
GCF_014205635.1_genomic.fna	4	0	0	0	0	0	0	0	0	0	0	0	3	0	0	0	1	0	NZ_JACIIV010000001.1 Polymorphobacter multimanifer strain DSM 102189 Ga0373304_01, whole genome shotgun sequence [72 total records]
GCA_041396845.1_genomic.fna	3	0	0	0	0	0	0	0	0	1	0	0	1	0	0	1	0	0	JAWKXU010000001.1 MAG: Caenibius sp. isolate AC1.26 AC1.26.fa-1, whole genome shotgun sequence [10 total records]
GCF_026167545.1_genomic.fna	3	0	0	0	0	0	0	0	0	0	0	0	2	0	0	1	0	0	NZ_CP110678.1 Sphingomonas sp. S1-29 chromosome, complete genome [1 total record]
GCA_039978835.1_genomic.fna	2	0	0	0	0	0	0	0	0	0	0	0	1	0	0	1	0	0	JBDWAQ010000001.1 MAG: Parasphingorhabdus sp. isolate LC.369.M.C6_330_38 LC_369_M_C6_330_38_000000000001, whole genome shotgun sequence [13 total records]
GCF_007995065.1_genomic.fna	3	0	0	0	0	0	0	0	0	0	0	0	2	0	0	1	0	0	NZ_VOQR01000001.1 Sphingomonas ginsenosidivorax strain KHI67, whole genome shotgun sequence [2 total records]
GCF_036855935.1_genomic.fna	3	0	0	0	0	0	0	0	0	0	0	0	3	0	0	0	0	0	NZ_JASPFK010000001.1 Sphingomonas sp. LR60 contig_1, whole genome shotgun sequence [2 total records]
GCF_000367345.1_genomic.fna	3	0	0	0	0	0	0	0	0	0	0	0	1	1	0	1	0	0	NZ_BARE01000131.1 Sphingobium xenophagum NBRC 107872, whole genome shotgun sequence [128 total records]
GCF_000756385.1_genomic.fna	3	0	0	0	0	0	0	0	0	0	0	1	2	0	0	0	0	0	NZ_JNFC01000001.1 Sphingopyxis sp. LC363 contig1, whole genome shotgun sequence [69 total records]
GCF_003129465.1_genomic.fna	3	0	0	0	0	0	0	0	0	0	0	0	2	0	0	1	0	0	NZ_QFFF01000001.1 Sphingosinicella humi strain QZX222 contig1, whole genome shotgun sequence [3 total records]
GCF_020092905.1_genomic.fna	1	0	0	0	0	0	0	0	0	0	0	0	0	0	0	1	0	0	NZ_JAGSGB010000001.1 Pacificimonas aurantium strain DSM 107782 1, whole genome shotgun sequence [9 total records]
GCA_027533105.1_genomic.fna	1	0	0	0	0	0	0	0	0	0	0	0	0	0	0	1	0	0	JAPZTW010000013.1 MAG: Sphingomonadaceae bacterium isolate LE19-251.1G c_000000000546, whole genome shotgun sequence [13 total records]
GCF_014197035.1_genomic.fna	6	0	0	0	0	0	0	0	0	0	0	0	4	0	0	1	1	0	NZ_JACIEU010000001.1 Sphingobium scionense strain DSM 19371 Ga0373320_001, whole genome shotgun sequence [102 total records]
GCF_033242265.1_genomic.fna	5	0	0	0	0	0	0	0	0	1	0	0	2	0	0	1	1	0	NZ_BTFW01000001.1 Novosphingobium sp. IK01 sequence1, whole genome shotgun sequence [4 total records]
GCA_039968605.1_genomic.fna	3	0	0	0	0	0	0	0	0	0	0	0	2	0	0	1	0	0	JBDVPM010000001.1 MAG: Alteripontixanthobacter sp. isolate AQ.07.M.A6_20_77 AQ_07_M_A6_20_77_000000000001, whole genome shotgun sequence [15 total records]
GCF_000445105.1_genomic.fna	1	0	0	0	0	0	0	0	0	0	0	0	0	0	0	1	0	0	NZ_ATDP01000003.1 Sphingobium lactosutens DS20 contig003, whole genome shotgun sequence [101 total records]
GCA_005503215.1_genomic.fna	4	0	0	0	0	0	0	0	0	1	0	0	2	0	0	1	0	0	SCNS01000010.1 Sphingomonadaceae bacterium 3R27C6 NODE_10_length_191337_cov_20.058936, whole genome shotgun sequence [53 total records]
GCF_001427105.1_genomic.fna	4	0	0	0	0	0	0	0	0	0	0	0	3	0	0	1	0	0	NZ_LMGI01000001.1 Sphingopyxis sp. Root154 contig_1, whole genome shotgun sequence [5 total records]
GCF_009720145.1_genomic.fna	3	0	0	0	0	0	0	0	0	0	0	0	1	1	0	1	0	0	NZ_CP046252.1 Sphingobium sp. CAP-1 chromosome MIN1, complete sequence [5 total records]
GCF_004342985.1_genomic.fna	8	0	0	0	0	0	0	0	0	1	0	0	4	1	0	1	1	0	NZ_SMBO01000001.1 Novosphingobium sp. PhB57 Ga0304884_101, whole genome shotgun sequence [43 total records]
GCF_003634215.1_genomic.fna	2	0	0	0	0	1	0	0	0	0	0	0	0	0	0	1	0	0	NZ_RBWX01000007.1 Sphingosinicella microcystinivorans strain DSM 19791 Ga0244538_101, whole genome shotgun sequence [15 total records]
GCF_003171715.1_genomic.fna	2	0	0	0	0	0	0	0	0	0	0	0	1	0	0	1	0	0	NZ_QGHL01000007.1 Novosphingobium meiothermophilum strain SYSU G00007 SYSU_G00007_Contig1, whole genome shotgun sequence [19 total records]
GCF_037860795.1_genomic.fna	5	0	0	0	0	0	0	0	0	0	0	0	4	0	0	1	0	0	NZ_JBANRK010000001.1 Sphingobium mellinum strain DSM 7458 NODE_1_length_861118_cov_238.185465, whole genome shotgun sequence [53 total records]
GCF_002155685.1_genomic.fna	3	0	0	0	0	0	0	0	0	0	0	0	2	0	0	1	0	0	NZ_MUYK01000001.1 Erythrobacter colymbi strain JCM 18338 JCM18338_1, whole genome shotgun sequence [51 total records]
GCF_030717945.1_genomic.fna	3	0	0	0	0	0	0	0	0	0	0	0	2	0	0	1	0	0	NZ_JAVAIM010000001.1 Qipengyuania profundimaris strain G39 NODE_1_length_2845575_cov_232.056799, whole genome shotgun sequence [3 total records]
GCF_000420305.1_genomic.fna	3	0	0	0	0	0	0	0	0	0	0	0	2	0	0	1	0	0	NZ_ATUR01000001.1 Novosphingopyxis baekryungensis DSM 16222 G410DRAFT_scaffold00010.10_C, whole genome shotgun sequence [10 total records]
GCF_902706195.1_genomic.fna	6	0	0	0	0	0	0	0	0	0	0	0	3	1	0	1	1	0	NZ_CACSJO010000001.1 Novosphingobium sp. 18050 isolate 18050_Novoshingobium1_Ancestor, whole genome shotgun sequence [74 total records]
GCF_020906275.1_genomic.fna	4	0	0	0	0	0	0	0	0	0	0	0	3	0	0	1	0	0	NZ_CP086727.1 Parasphingorhabdus litoris DSM 22379 chromosome, complete genome [1 total record]
GCF_001421415.1_genomic.fna	3	0	0	0	0	0	0	0	0	0	0	0	1	0	0	1	1	0	NZ_LMKH01000001.1 Sphingomonas sp. Leaf208 contig_1, whole genome shotgun sequence [39 total records]
GCF_039555325.1_genomic.fna	1	0	0	0	0	0	0	0	0	0	0	0	1	0	0	0	0	0	NZ_CP154608.1 Sphingomicrobium sp. XHP0239 chromosome [1 total record]
GCF_004135585.1_genomic.fna	4	0	0	0	0	0	0	0	0	0	0	0	3	0	0	1	0	0	NZ_CP035501.1 Sphingosinicella sp. BN140058 chromosome, complete genome [2 total records]
GCF_013375555.1_genomic.fna	7	0	0	0	0	1	0	0	1	1	1	0	2	0	0	1	0	0	NZ_JABXWB010000001.1 Sphingobium sp. EM0848 contig_1, whole genome shotgun sequence [5 total records]
GCF_006439055.1_genomic.fna	3	0	0	0	0	0	0	0	0	0	0	0	2	0	0	1	0	0	NZ_RCZC01000001.1 Sphingomonas glacialis strain E6.1 scaffold1.1, whole genome shotgun sequence [16 total records]
GCA_000756795.1_genomic.fna	2	0	0	0	0	0	0	0	0	0	0	0	2	0	0	0	0	0	CCSI01000001.1 Erythrobacter vulgaris genome assembly IDBA-UD, contig contig000001, whole genome shotgun sequence [10 total records]
GCF_002993885.1_genomic.fna	2	0	0	0	0	0	0	0	0	0	0	0	1	0	0	1	0	0	NZ_CM009578.1 Sphingopyxis lindanitolerans strain WS5A3p chromosome, whole genome shotgun sequence [3 total records]
GCF_014196615.1_genomic.fna	5	0	0	0	0	0	0	0	0	1	0	1	1	1	0	1	0	0	NZ_JACIDY010000001.1 Novosphingobium fluoreni strain DSM 27568 Ga0373246_01, whole genome shotgun sequence [25 total records]
GCF_019711595.1_genomic.fna	4	0	0	0	0	0	0	0	0	0	0	0	4	0	0	0	0	0	NZ_JAIGNR010000001.1 Qipengyuania sphaerica strain GH29 NODE_1_length_1537883_cov_216.233849, whole genome shotgun sequence [5 total records]
GCF_031457465.1_genomic.fna	3	0	0	0	0	0	0	0	0	0	0	1	0	1	0	1	0	0	NZ_JAVDWV010000001.1 Sphingobium xenophagum strain 4256 Ga0454478_01, whole genome shotgun sequence [57 total records]
GCF_001421245.1_genomic.fna	4	0	0	0	0	0	0	0	0	0	0	0	2	0	0	1	0	1	NZ_LMKE01000001.1 Sphingomonas sp. Leaf10 contig_1, whole genome shotgun sequence [34 total records]
GCF_036663815.1_genomic.fna	2	0	0	0	0	0	0	0	0	0	0	0	1	0	0	1	0	0	NZ_JAXOJQ010000001.1 Sphingomonas sp. RB3P16 Y653_1, whole genome shotgun sequence [106 total records]
GCF_037725245.1_genomic.fna	3	0	0	0	0	0	0	0	0	1	1	0	0	0	0	1	0	0	NZ_JBBJUL010000001.1 Sphingobium sp. AN641 1, whole genome shotgun sequence [32 total records]
GCF_000192575.1_genomic.fna	4	0	0	0	0	0	0	0	0	0	0	0	2	0	0	1	0	1	NZ_GL876925.1 Novosphingobium nitrogenifigens DSM 19370 scaffold00001, whole genome shotgun sequence [18 total records]
GCF_005144715.1_genomic.fna	5	0	0	0	0	0	0	0	0	0	1	0	3	0	0	1	0	0	NZ_SWKR01000001.1 Sphingomonas baiyangensis strain L-1-4 w-11 NODE_1_length_640299_cov_354.751556, whole genome shotgun sequence [2 total records]
GCF_030730945.1_genomic.fna	4	0	0	0	0	0	0	0	0	0	0	0	2	1	0	1	0	0	NZ_JAVAMS010000001.1 Aurantiacibacter sp. 219JJ12-13 1, whole genome shotgun sequence [29 total records]
GCF_014196255.1_genomic.fna	4	0	0	0	0	0	0	0	1	0	0	0	2	0	0	1	0	0	NZ_JACIDH010000001.1 Sphingomonas pseudosanguinis strain DSM 19512 Ga0373225_01, whole genome shotgun sequence [49 total records]
GCF_900149685.1_genomic.fna	3	0	0	0	0	0	0	0	0	0	0	0	2	0	0	1	0	0	NZ_LT702999.1 Erythrobacter sp. Alg231-14 isolate Erythrobacter sp. Alg231_14 chromosome I [2 total records]
GCF_022832435.1_genomic.fna	4	0	0	0	1	0	0	0	0	2	0	0	0	0	0	1	0	0	NZ_JALHLF010000001.1 Novosphingobium organovorum strain B1949 Scaffold1, whole genome shotgun sequence [244 total records]
GCF_003610375.1_genomic.fna	5	0	0	0	0	0	0	0	1	0	0	0	2	0	0	1	1	0	NZ_RAPZ01000010.1 Sphingomonas sp. PP-CC-1A-547 Ga0191672_101, whole genome shotgun sequence [18 total records]
GCF_029436685.1_genomic.fna	2	0	0	0	0	0	0	0	0	0	0	0	1	0	0	1	0	0	NZ_JAROCY010000001.1 Novosphingobium cyanobacteriorum strain HBC54 contig1, whole genome shotgun sequence [74 total records]
GCA_002354635.1_genomic.fna	2	0	0	0	0	0	0	0	0	0	0	0	1	0	0	1	0	0	DELZ01000002.1 MAG TPA_asm: Sphingomonadales bacterium UBA2683 UBA2683_contig_162, whole genome shotgun sequence [5 total records]
GCF_012516475.1_genomic.fna	3	0	0	0	0	0	0	0	0	0	0	0	2	0	0	1	0	0	NZ_CP051217.1 Parasphingorhabdus halotolerans strain JK6 chromosome, complete genome [1 total record]
GCF_019904235.1_genomic.fna	2	0	0	0	0	0	0	0	0	0	0	0	1	0	0	1	0	0	NZ_CP063202.1 Erythrobacter sp. SCSIO 43205 chromosome, complete genome [1 total record]
GCF_003012815.1_genomic.fna	1	0	0	0	0	0	0	0	0	0	0	0	1	0	0	0	0	0	NZ_PXYJ01000001.1 Allosphingosinicella vermicomposti strain KCTC 22446 ZB100000, whole genome shotgun sequence [5 total records]
GCF_013113735.1_genomic.fna	2	0	0	0	0	0	0	0	0	0	0	0	2	0	0	0	0	0	NZ_CP053346.1 Sphingomonas sp. AP4-R1 chromosome, complete genome [2 total records]
GCF_015529805.1_genomic.fna	5	0	0	0	0	0	0	0	0	0	1	0	3	0	0	1	0	0	NZ_CP064654.1 Qipengyuania soli strain 6D36 chromosome [1 total record]
GCF_000342165.1_genomic.fna	4	0	0	0	0	0	0	0	0	0	0	0	2	1	0	1	0	0	NZ_AMRV01000001.1 Pacificimonas flava strain JLT2015 contig00001, whole genome shotgun sequence [36 total records]
GCF_013607875.1_genomic.fna	2	0	0	0	0	0	0	0	0	1	0	0	1	0	0	0	0	0	NZ_VDES01000001.1 Sphingomonas ursincola strain KR-99 scaffold_0_pilon, whole genome shotgun sequence [7 total records]
GCF_031846435.1_genomic.fna	1	0	0	0	0	0	0	0	0	0	0	0	1	0	0	0	0	0	NZ_JAVRHS010000001.1 Croceicoccus esteveae strain F390 1, whole genome shotgun sequence [27 total records]
GCF_005503355.1_genomic.fna	3	0	0	0	0	0	0	0	0	0	1	0	1	0	0	1	0	0	NZ_SCMK01000010.1 Sphingomonas sp. 1F27F7B NODE_10_length_165275_cov_23.714959, whole genome shotgun sequence [57 total records]
GCF_039977335.1_genomic.fna	5	0	0	0	0	0	0	0	0	0	0	0	4	0	0	1	0	0	NZ_JBDWDI010000001.1 MAG: Parasphingorhabdus sp. isolate LC.120.F.D4_374_69 LC_120_F_D4_374_69_000000000001, whole genome shotgun sequence [5 total records]
GCF_001591045.1_genomic.fna	2	0	0	0	0	0	0	0	0	0	0	0	1	0	0	1	0	0	NZ_BCUA01000001.1 Sphingopyxis granuli NBRC 100800, whole genome shotgun sequence [176 total records]
GCF_018863195.1_genomic.fna	1	0	0	0	0	0	0	0	0	0	0	0	1	0	0	0	0	0	NZ_JAHKRT010000001.1 Sphingomonas quercus strain XMGL2 seq1, whole genome shotgun sequence [15 total records]
GCA_947494305.1_genomic.fna	2	0	0	0	0	0	0	0	0	0	0	0	1	0	0	1	0	0	CANLUL010000001.1 uncultured Sphingomonadaceae bacterium isolate 2-484A-G.fasta genome assembly, contig: NODE_1, whole genome shotgun sequence [11 total records]
GCF_009828055.1_genomic.fna	2	0	0	0	0	0	0	0	0	0	0	0	1	0	0	1	0	0	NZ_WTYB01000010.1 Erythrobacter ramosus strain JCM 10282 NODE_10_length_4096, whole genome shotgun sequence [10 total records]
GCF_018122655.1_genomic.fna	3	0	0	0	0	0	0	0	0	0	1	0	1	0	0	1	0	0	NZ_JAGRQC010000001.1 Stakelama marina strain LXI357 1, whole genome shotgun sequence [12 total records]
GCF_012979275.1_genomic.fna	2	0	0	0	0	0	0	0	0	0	0	0	1	0	0	1	0	0	NZ_JABASZ010000002.1 Pseudopontixanthobacter vadosimaris strain JL3514 NODE_10_length_97824_cov_115.452_ID_19, whole genome shotgun sequence [39 total records]
GCA_947493325.1_genomic.fna	1	0	0	0	0	0	0	0	0	0	0	0	1	0	0	0	0	0	CANLQI010000001.1 uncultured Sphingomonadaceae bacterium isolate 984-n2.fasta genome assembly, contig: NODE_1, whole genome shotgun sequence [5 total records]
GCF_900188165.1_genomic.fna	3	0	0	0	0	0	0	0	0	0	0	0	3	0	0	0	0	0	NZ_FZOS01000082.1 Sphingomonas laterariae strain LNB2, whole genome shotgun sequence [85 total records]
GCF_001425405.1_genomic.fna	5	0	0	0	0	0	0	0	1	1	0	0	1	1	0	1	0	0	NZ_LMQP01000001.1 Sphingomonas sp. Leaf412 contig_1, whole genome shotgun sequence [5 total records]
GCA_951813595.1_genomic.fna	1	0	0	0	0	0	0	0	0	0	0	1	0	0	0	0	0	0	CATOTQ010000001.1 MAG: uncultured Parasphingorhabdus sp. isolate df269ce3-95a5-471a-b687-7fc4378fab07 genome assembly, contig: contig_1, whole genome shotgun sequence [5 total records]
GCF_028621955.1_genomic.fna	2	0	0	0	0	0	0	0	0	0	0	0	1	0	0	1	0	0	NZ_CP117516.1 Erythrobacter sp. BLCC-B19 chromosome, complete genome [1 total record]
GCF_019351405.1_genomic.fna	3	0	0	0	0	0	0	0	0	0	0	0	2	0	0	1	0	0	NZ_JAHWZX010000001.1 Stakelama flava strain CBK3Z-3 Scaffold1, whole genome shotgun sequence [32 total records]
GCF_021227995.1_genomic.fna	6	0	0	0	0	0	0	0	0	0	0	0	4	0	0	1	1	0	NZ_CP089301.1 Novosphingobium kaempferiae strain Sx8-5 chromosome, complete genome [1 total record]
GCF_009789535.1_genomic.fna	4	0	0	0	0	0	0	0	0	0	0	0	3	0	0	1	0	0	NZ_WSUT01000001.1 Sphingomonas carotinifaciens strain DSM 27347 contig1, whole genome shotgun sequence [7 total records]
GCF_032334595.1_genomic.fna	4	0	0	0	0	0	0	0	0	0	1	0	2	0	0	1	0	0	NZ_JALMLT010000001.1 Sphingomonas psychrotolerans strain Cra20 scaffold1, whole genome shotgun sequence [8 total records]
GCF_902506555.1_genomic.fna	2	0	0	0	0	0	0	0	0	0	0	0	1	0	0	1	0	0	NZ_LR732711.1 Sphingorhabdus sp. 109 isolate Sphingorhabdus sp. 109, whole genome shotgun sequence [5 total records]
GCF_012274265.1_genomic.fna	2	0	0	0	0	0	0	0	0	0	0	0	1	0	0	1	0	0	NZ_JAANYY010000002.1 Sphingopyxis microcysteis strain Z10-6 NODE_1, whole genome shotgun sequence [7 total records]
GCF_003264115.1_genomic.fna	4	0	0	0	0	0	0	0	0	0	0	0	3	0	0	1	0	0	NZ_CP021912.1 Erythrobacter sp. KY5 chromosome, complete genome [1 total record]
GCF_019297835.1_genomic.fna	3	0	0	0	0	0	0	0	0	0	0	0	2	0	0	1	0	0	NZ_CP079203.1 Sphingomonas sanguinis strain NP2-R2 chromosome, complete genome [2 total records]
GCF_900149705.1_genomic.fna	4	0	0	0	0	0	0	0	0	0	0	0	3	0	0	1	0	0	NZ_LT703001.1 Sphingorhabdus sp. Alg231-15 isolate Sphingorhabdus sp. Alg231_15 chromosome I [2 total records]
GCF_014199435.1_genomic.fna	3	0	0	0	0	0	0	0	0	0	0	0	2	0	0	1	0	0	NZ_JACIJP010000001.1 Sphingobium subterraneum strain DSM 102255 Ga0373363_01, whole genome shotgun sequence [34 total records]
GCF_013044515.1_genomic.fna	2	0	0	0	0	0	0	0	0	0	0	1	0	1	0	0	0	0	NZ_JABEPR010000001.1 Sphingomonas sp. ID1715 contig1, whole genome shotgun sequence [30 total records]
GCF_025960285.1_genomic.fna	2	0	0	0	0	0	0	0	0	0	0	1	0	0	1	0	0	0	NZ_CP110111.1 Sphingomonas sp. R1 chromosome, complete genome [3 total records]
GCA_029202985.1_genomic.fna	2	0	0	0	0	0	0	0	0	0	0	0	1	0	0	1	0	0	CP119316.1 MAG: Candidatus Andeanibacterium colombiense isolate MAG_26 chromosome, complete genome [1 total record]
GCF_013001025.1_genomic.fna	7	0	0	0	0	0	0	0	0	0	0	0	4	1	0	1	1	0	NZ_CP053021.1 Sphingobium yanoikuyae strain YC-XJ2 chromosome, complete genome [4 total records]
GCF_032337075.1_genomic.fna	0	0	0	0	0	0	0	0	0	0	0	0	0	0	0	0	0	0	NZ_JAVYAB010000001.1 Novosphingobium sp. APW14 contig1, whole genome shotgun sequence [14 total records]
GCF_014645195.1_genomic.fna	3	0	0	0	0	0	0	0	0	0	0	0	2	0	0	1	0	0	NZ_BMLK01000001.1 Novosphingobium indicum strain CGMCC 1.6784 sequence001, whole genome shotgun sequence [93 total records]
GCF_005145025.1_genomic.fna	2	0	0	0	0	0	0	0	0	0	0	0	1	0	0	1	0	0	NZ_CP039695.1 Novosphingobium sp. EMRT-2 chromosome, complete genome [5 total records]
GCF_017498565.1_genomic.fna	4	0	0	0	0	0	0	0	0	0	0	0	3	0	0	1	0	0	NZ_CP071794.1 Parasphingorhabdus cellanae strain JHSY0214 chromosome, complete genome [1 total record]
GCF_014230355.1_genomic.fna	2	0	0	0	0	0	0	0	0	0	0	0	1	0	0	1	0	0	NZ_JACLAX010000010.1 Novosphingobium piscinae strain KCTC 42194 NODE_10_length_152559_cov_98.602485, whole genome shotgun sequence [45 total records]
GCF_035930445.1_genomic.fna	3	0	0	0	0	0	0	0	0	0	0	0	2	0	0	1	0	0	NZ_CP142394.1 Sphingopyxis chilensis strain S37 chromosome, complete genome [1 total record]
GCF_029688735.1_genomic.fna	4	0	0	0	0	0	0	0	0	0	0	0	3	0	0	1	0	0	NZ_JARULD010000010.1 Qipengyuania sp. XHP0211 NODE_10_length_5382_cov_411.542507, whole genome shotgun sequence [13 total records]
GCF_001555775.1_genomic.fna	2	0	0	0	0	0	0	0	0	0	0	1	1	0	0	0	0	0	NZ_LSHP01000001.1 Acidovorax delafieldii strain CCH4-A2 CCH4-A2_contig1, whole genome shotgun sequence [143 total records]
GCF_002205675.1_genomic.fna	3	0	0	0	0	0	0	0	0	0	0	0	2	0	0	1	0	0	NZ_NISK01000010.1 Sphingopyxis bauzanensis strain DSM 22271 NODE_10_length_15560_cov_38.1706, whole genome shotgun sequence [28 total records]
GCA_942636505.2_genomic.fna	5	0	0	0	0	0	0	0	1	0	0	0	2	0	0	1	1	0	CALOGB020000001.1 uncultured bacterium isolate Sph-ATUE_S111H113 genome assembly, contig: 1, whole genome shotgun sequence [19 total records]
GCF_040813635.1_genomic.fna	3	0	0	0	0	0	0	0	0	0	0	0	1	1	0	1	0	0	NZ_JBFNXR010000001.1 Novosphingobium sp. M1R2S20 14, whole genome shotgun sequence [54 total records]
GCF_036964565.1_genomic.fna	2	0	0	0	0	0	0	0	0	0	0	0	0	1	0	1	0	0	NZ_JBALTN010000001.1 MAG: Parasphingorhabdus sp. isolate 2NakV-03 NODE_1_length_413719_cov_87.271890, whole genome shotgun sequence [30 total records]
GCF_026167525.1_genomic.fna	4	0	0	0	0	0	0	0	0	0	1	0	2	0	0	1	0	0	NZ_CP110679.1 Sphingomonas sp. M1-B02 chromosome, complete genome [1 total record]
GCF_001477495.1_genomic.fna	3	0	0	0	0	0	0	0	0	0	0	0	2	0	0	1	0	0	NZ_LDTF01000001.1 Sphingomonas yabuuchiae strain NS355 contig_1, whole genome shotgun sequence [143 total records]
GCA_022574255.1_genomic.fna	0	0	0	0	0	0	0	0	0	0	0	0	0	0	0	0	0	0	JACZSK010000182.1 MAG: Proteobacteria bacterium isolate B110T1L10 B110T1L10_NODE100542, whole genome shotgun sequence [192 total records]
GCF_009827595.1_genomic.fna	1	0	0	0	0	0	0	0	0	0	0	0	0	0	0	1	0	0	NZ_WTYT01000010.1 Altericroceibacterium endophyticum strain LMG 29518 NODE_10_length_14786, whole genome shotgun sequence [12 total records]
GCF_005884405.1_genomic.fna	3	0	0	0	0	0	0	0	0	0	0	0	2	0	0	1	0	0	NZ_VCAO01000001.1 Qipengyuania marisflavi strain KEM-5 contig1, whole genome shotgun sequence [17 total records]
GCF_028858515.1_genomic.fna	3	0	0	0	0	0	0	0	0	0	0	0	1	1	0	1	0	0	NZ_JAPJZJ010000010.1 Aurantiacibacter sp. D1-12 NODE_10_length_1532_cov_292.038488, whole genome shotgun sequence [12 total records]
GCF_009827615.1_genomic.fna	5	0	0	0	0	0	0	0	0	0	0	0	4	0	0	1	0	0	NZ_WTYU01000001.1 Allopontixanthobacter confluentis strain KCTC 52259 NODE_1_length_1771036, whole genome shotgun sequence [4 total records]
GCF_029760855.1_genomic.fna	0	0	0	0	0	0	0	0	0	0	0	0	0	0	0	0	0	0	NZ_SOSI01000010.1 Erythrobacter litoralis strain SNB-035 NODE_10_length_52845_cov_34.813846, whole genome shotgun sequence [10 total records]
GCF_013328205.1_genomic.fna	4	0	0	0	0	0	0	0	0	0	0	0	3	0	0	1	0	0	NZ_JABULH010000001.1 Sphingomonas hominis strain HHU CXW Contig001_1024905, whole genome shotgun sequence [30 total records]
GCF_009733735.1_genomic.fna	1	0	0	0	0	0	0	0	0	0	0	0	1	0	0	0	0	0	NZ_WNJP01000001.1 Sandarakinorhabdus oryzae strain NM-18 1, whole genome shotgun sequence [346 total records]
GCF_012275515.1_genomic.fna	5	0	0	0	0	0	0	0	0	1	0	0	2	0	0	1	1	0	NZ_JAAZQL010000001.1 Novosphingobium sp. SG707 Ga0365350_01, whole genome shotgun sequence [41 total records]
GCF_035607565.1_genomic.fna	4	0	0	0	0	0	0	0	0	0	1	0	2	0	0	1	0	0	NZ_JAYKGO010000001.1 Qipengyuania sp. Z2 contig1, whole genome shotgun sequence [10 total records]
GCF_007785815.1_genomic.fna	2	0	0	0	0	0	0	0	1	0	0	0	0	0	0	1	0	0	NZ_VNIM01000100.1 Sphingomonas solaris strain R4DWN NODE_100_length_14484_cov_9.16327, whole genome shotgun sequence [212 total records]
GCF_900182875.1_genomic.fna	3	0	0	0	0	0	0	0	0	0	0	0	2	0	0	1	0	0	NZ_FXUI01000001.1 Novosphingobium panipatense strain SM16 Ga0138999_101, whole genome shotgun sequence [63 total records]
GCF_007097155.1_genomic.fna	2	0	0	0	0	0	0	0	0	0	0	0	1	1	0	0	0	0	NZ_VJWA01000001.1 Glacieibacterium frigidum strain LB1R16 NODE_1_length_1948859_cov_164.405992, whole genome shotgun sequence [3 total records]
GCF_003951315.1_genomic.fna	2	0	0	0	0	0	0	0	0	0	0	0	2	0	0	0	0	0	NZ_QLJH01000001.1 Sphingomonas sp. S-NIH.Pt15_0812 NODE_1, whole genome shotgun sequence [98 total records]
GCF_035581365.1_genomic.fna	3	0	0	0	0	0	0	0	0	0	0	0	2	0	0	1	0	0	NZ_CP141590.1 Tsuneonella sp. CC-YZS046 chromosome, complete genome [1 total record]
GCF_024508665.1_genomic.fna	2	0	0	0	0	0	0	0	0	0	0	0	1	0	0	1	0	0	NZ_JANINP010000001.1 MAG: Sphingomonas sp. isolate Bin.002_Pasture NODE_15_length_622129_cov_17.374066, whole genome shotgun sequence [8 total records]
GCF_035481675.1_genomic.fna	2	0	0	0	0	0	0	0	0	0	0	0	1	0	0	1	0	0	NZ_JAYJJW010000001.1 Alteriqipengyuania sp. WL0013 NODE_1_length_2009310_cov_91.929609, whole genome shotgun sequence [2 total records]
GCF_035194505.1_genomic.fna	1	0	0	0	0	0	0	0	0	0	0	0	0	0	0	1	0	0	NZ_CP136573.1 MAG: Erythrobacter sp. isolate GU0601_MAG4 chromosome, complete genome [1 total record]
GCA_947499255.1_genomic.fna	4	0	0	0	0	0	0	0	0	0	0	0	3	0	0	1	0	0	CANMNF010000001.1 uncultured Sphingomonadaceae bacterium isolate 917.fasta genome assembly, contig: NODE_1, whole genome shotgun sequence [4 total records]
GCF_014195685.1_genomic.fna	1	0	0	0	0	0	0	0	0	0	0	0	0	1	0	0	0	0	NZ_JACICF010000001.1 Sphingomicrobium lutaoense strain DSM 24194 Ga0373303_01, whole genome shotgun sequence [2 total records]
GCF_015999305.1_genomic.fna	2	0	0	0	0	0	0	0	0	0	0	0	1	0	0	1	0	0	NZ_JAEAGP010000001.1 Erythrobacter sp. YJ-T3-07 NODE_1_length_3074277_cov_199.615837, whole genome shotgun sequence [1 total record]
GCF_001421765.1_genomic.fna	4	0	0	0	0	0	0	0	1	0	0	0	2	0	0	1	0	0	NZ_LMLA01000001.1 Sphingomonas sp. Leaf32 contig_1, whole genome shotgun sequence [14 total records]
GCF_026540855.1_genomic.fna	0	0	0	0	0	0	0	0	0	0	0	0	0	0	0	0	0	0	NZ_JALNUP010000001.1 Sphingomonas sp. GC_Shp_5 iso00_68_1, whole genome shotgun sequence [61 total records]
GCF_001598355.1_genomic.fna	3	0	0	0	0	0	0	0	0	0	0	0	2	0	0	1	0	0	NZ_BCYU01000001.1 Sphingomonas asaccharolytica NBRC 15499, whole genome shotgun sequence [180 total records]
GCF_007280415.1_genomic.fna	2	0	0	0	0	0	0	0	0	0	0	0	2	0	0	0	0	0	NZ_VKKU01000001.1 Sphingorhabdus contaminans strain KCTC32445 NODE_1_length_1691790_cov_141.238532, whole genome shotgun sequence [2 total records]
GCA_963921265.3_genomic.fna	1	0	0	0	0	0	0	0	0	0	0	0	1	0	0	0	0	0	OZ001196.2 MAG: Kordiimonas sp. isolate da5ff843-04ae-4914-8a3f-070dd38dcee2 genome assembly, chromosome: 1 [9 total records]
GCA_019635535.1_genomic.fna	2	0	0	0	0	0	0	0	0	0	0	0	1	0	0	1	0	0	JAHBZH010000001.1 MAG: Sphingomonas sp. isolate ACE_PRO39 PRO39_1, whole genome shotgun sequence [2 total records]
GCF_003605755.1_genomic.fna	2	0	0	0	0	0	0	0	0	0	0	0	1	0	0	1	0	0	NZ_RAHJ01000003.1 Tsuneonella suprasediminis strain Ery12 298, whole genome shotgun sequence [21 total records]
GCA_016714795.1_genomic.fna	1	0	0	0	0	0	0	0	0	0	0	0	0	0	0	1	0	0	JADKCA010000001.1 MAG: Sphingomonadales bacterium isolate OdNE_18-Q3-R46-58_BATAC.286 tig00000833-10-9099090, whole genome shotgun sequence [18 total records]
GCF_001005725.1_genomic.fna	6	0	0	0	0	0	0	0	1	1	0	0	3	0	0	1	0	0	NZ_LBIC01000001.1 Sphingobium chungbukense strain DJ77 contig00001, whole genome shotgun sequence [35 total records]
GCA_947502815.1_genomic.fna	4	0	0	0	0	0	0	0	0	0	0	0	3	0	0	1	0	0	CANNBH010000001.1 uncultured Erythrobacter sp. isolate 4-2072.fasta genome assembly, contig: NODE_1, whole genome shotgun sequence [4 total records]
GCF_001663155.1_genomic.fna	1	0	0	0	0	0	0	0	0	0	0	0	1	0	0	0	0	0	NZ_CP015963.1 Altererythrobacter ishigakiensis strain NBRC 107699 chromosome, complete genome [1 total record]
GCF_001423845.1_genomic.fna	3	0	0	0	0	0	0	0	0	0	0	0	2	0	0	1	0	0	NZ_LMPM01000001.1 Sphingomonas sp. Leaf357 contig_1, whole genome shotgun sequence [3 total records]
GCA_947502305.1_genomic.fna	4	0	0	0	0	0	0	0	0	0	0	0	3	0	0	1	0	0	CANMZA010000001.1 uncultured Erythrobacter sp. isolate 3-1133-3Z.fasta genome assembly, contig: NODE_1, whole genome shotgun sequence [2 total records]
GCF_001429065.1_genomic.fna	3	0	0	0	0	0	0	0	0	0	0	0	3	0	0	0	0	0	NZ_LMIB01000001.1 Sphingomonas sp. Root710 contig_1, whole genome shotgun sequence [21 total records]
GCA_041396985.1_genomic.fna	2	0	0	0	0	0	0	0	0	0	0	0	1	1	0	0	0	0	JAWKXO010000001.1 MAG: Emcibacteraceae bacterium isolate BC1.192 BC1.192.fa-1, whole genome shotgun sequence [6 total records]
GCA_963675825.1_genomic.fna	1	0	0	0	0	0	0	0	0	0	0	0	0	0	0	1	0	0	OY776605.1 MAG: Alteraurantiacibacter sp. isolate 4f1f2f00-1bb4-4515-b099-93a3353bb5eb genome assembly, chromosome: 1 [5 total records]
GCF_008710155.1_genomic.fna	3	0	0	0	0	0	0	0	0	0	0	1	1	0	0	1	0	0	NZ_VYPZ01000010.1 Sphingobium limneticum strain DSM 25076 NODE_10_length_141607_cov_40.445222, whole genome shotgun sequence [92 total records]
GCF_002205635.1_genomic.fna	2	0	0	0	0	0	0	0	0	0	0	0	1	0	0	1	0	0	NZ_NISJ01000010.1 Sphingopyxis witflariensis strain DSM 14551 NODE_10_length_174228_cov_34.2554, whole genome shotgun sequence [38 total records]
GCF_001014975.1_genomic.fna	2	0	0	0	0	0	0	0	0	0	0	0	1	0	0	1	0	0	NZ_BBXA01000001.1 Novosphingobium sp. MD-1, whole genome shotgun sequence [25 total records]
GCF_025153455.1_genomic.fna	3	0	0	0	0	0	0	0	0	0	0	0	2	0	0	1	0	0	NZ_JANZNT010000001.1 Sphingomonas sp. BGYR3 contig1, whole genome shotgun sequence [3 total records]
GCF_019711615.1_genomic.fna	3	0	0	0	0	0	0	0	0	0	0	0	2	0	0	1	0	0	NZ_JAIGNS010000001.1 Qipengyuania intermedia strain GH38 NODE_1_length_1256419_cov_224.283396, whole genome shotgun sequence [4 total records]
GCA_947495555.1_genomic.fna	2	0	0	0	0	0	0	0	0	0	0	0	2	0	0	0	0	0	CANLZI010000001.1 uncultured Erythrobacter sp. isolate 4-1416.fasta genome assembly, contig: NODE_1, whole genome shotgun sequence [4 total records]
GCF_007830065.1_genomic.fna	3	0	0	0	0	0	0	0	0	0	0	0	2	0	0	1	0	0	NZ_VLKK01000001.1 Sphingobium wenxiniae strain CGMCC 1.7748 IQ35DRAFT_scaffold00001.1, whole genome shotgun sequence [85 total records]
GCF_024168485.1_genomic.fna	3	0	0	0	0	0	0	0	0	0	0	1	0	1	0	1	0	0	NZ_JALJVY010000001.1 Sphingobium sp. OAS761 Ga0395969_01, whole genome shotgun sequence [36 total records]
GCF_014644315.1_genomic.fna	2	0	0	0	0	0	0	0	0	0	0	0	1	0	0	1	0	0	NZ_BMKL01000001.1 Tsuneonella deserti strain CGMCC 1.15959 sequence01, whole genome shotgun sequence [3 total records]
GCF_023910635.1_genomic.fna	1	0	0	0	0	0	0	0	0	0	0	0	0	1	0	0	0	0	NZ_JAAVVZ010000002.1 MAG: Sphingorhabdus sp. isolate WA123a Sphingorhabdus_WA123_1, whole genome shotgun sequence [89 total records]
GCF_004152865.1_genomic.fna	2	0	0	0	0	0	0	0	0	1	0	0	0	0	0	1	0	0	NZ_SEOO01000100.1 Sphingobium cupriresistens strain CCTCC AB 2011146 NODE_100_length_2209_cov_46.642651, whole genome shotgun sequence [125 total records]
GCF_003355005.1_genomic.fna	2	0	0	0	0	0	0	0	0	0	0	0	1	0	0	1	0	0	NZ_CP029985.1 Sphingomonas sp. FARSPH chromosome, complete genome [4 total records]
GCF_019204025.1_genomic.fna	1	0	0	0	0	0	0	0	0	0	0	0	1	0	0	0	0	0	NZ_JAGSPB010000001.1 Erythrobacter ani strain WH131 1, whole genome shotgun sequence [5 total records]
GCF_020782245.1_genomic.fna	2	0	0	0	0	0	0	0	0	0	0	0	0	1	0	1	0	0	NZ_JAJGNP010000010.1 Sphingobium soli strain FXH275-2 NODE_10_length_129191_cov_186.459586, whole genome shotgun sequence [49 total records]
GCF_026157105.1_genomic.fna	1	0	0	0	0	0	0	0	0	0	0	0	0	1	0	0	0	0	NZ_JANPVQ010000001.1 Sphingomicrobium marinum strain JCM 18554 NODE_1_length_2236019_cov_365.769784, whole genome shotgun sequence [2 total records]
GCF_013374115.1_genomic.fna	4	0	0	0	0	0	0	0	0	0	0	0	2	0	0	1	1	0	NZ_AP022673.1 Sphingomonas sp. HMP9 chromosome, complete genome [2 total records]
GCF_947497915.1_genomic.fna	3	0	0	0	0	0	0	0	0	0	0	0	2	0	0	1	0	0	NZ_CANMIJ010000001.1 Uncultured Erythrobacter sp. isolate 4-65.fasta NODE_1, whole genome shotgun sequence [2 total records]
GCF_014117445.1_genomic.fna	2	0	0	0	0	1	0	0	0	0	0	0	1	0	0	0	0	0	NZ_CP059851.1 Sandaracinobacteroides saxicola strain M6 chromosome, complete genome [1 total record]
GCF_022662305.1_genomic.fna	4	0	0	0	0	0	0	0	0	0	0	0	2	1	0	1	0	0	NZ_JAKNQH010000001.1 Sphingomonas sp. BAUL-RG-20F-R05-02 1, whole genome shotgun sequence [64 total records]
GCF_035686825.1_genomic.fna	4	0	0	0	0	0	0	0	0	0	0	0	3	0	0	1	0	0	NZ_DASRYZ010000001.1 MAG: Sphingopyxis sp. isolate SMAG_U13687 k141_7029, whole genome shotgun sequence [7 total records]
GCF_001720465.1_genomic.fna	4	0	0	0	0	0	0	0	0	0	0	0	3	0	0	1	0	0	NZ_CP017113.1 Porphyrobacter sp. LM 6 chromosome, complete genome [1 total record]
GCF_900128895.1_genomic.fna	3	0	0	0	0	0	0	0	0	0	0	0	2	0	0	1	0	0	NZ_FSQW01000002.1 Parasphingorhabdus marina DSM 22363, whole genome shotgun sequence [2 total records]
GCF_023008165.1_genomic.fna	2	0	0	0	0	0	0	0	0	0	0	0	2	0	0	0	0	0	NZ_JAKQZA010000010.1 Kordiimonas laminariae strain 5E331 scaffold_10_length=118553, whole genome shotgun sequence [17 total records]
GCF_008274695.1_genomic.fna	3	0	0	0	0	0	0	0	0	0	0	1	1	1	0	0	0	0	NZ_VTOU01000001.1 Sphingomonas montanisoli strain ZX XEX_1, whole genome shotgun sequence [15 total records]
GCF_029167165.1_genomic.fna	4	0	0	0	0	0	0	0	0	0	0	0	2	0	0	1	1	0	NZ_JARFNJ010000001.1 Sphingomonas pollutisoli strain H39-1-10 spades_K_21_77_1, whole genome shotgun sequence [49 total records]
GCF_014196595.1_genomic.fna	1	0	0	0	0	0	0	0	0	0	0	0	1	0	0	0	0	0	NZ_JACIEA010000001.1 Sphingorhabdus rigui strain DSM 29050 Ga0373249_01, whole genome shotgun sequence [8 total records]
GCF_003933235.1_genomic.fna	0	0	0	0	0	0	0	0	0	0	0	0	0	0	0	0	0	0	NZ_RWJI01000001.1 Sphingorhabdus wooponensis strain 03SU3-P J_1, whole genome shotgun sequence [8 total records]
GCF_000802225.1_genomic.fna	4	0	0	0	0	0	0	0	0	0	0	0	3	0	0	1	0	0	NZ_JTDI01000001.1 Novosphingobium malaysiense strain MUSC 273 Contig1, whole genome shotgun sequence [20 total records]
GCF_013378075.1_genomic.fna	1	0	0	0	0	0	0	0	0	0	0	0	0	0	0	1	0	0	NZ_CP051131.1 Parasphingopyxis algicola strain JCM 31719 chromosome, complete genome [1 total record]
GCF_016025255.1_genomic.fna	1	0	0	0	0	0	0	0	0	0	0	0	1	0	0	0	0	0	NZ_CP065592.1 Sphingosinicella flava strain UDD2 chromosome [1 total record]
GCF_003367235.1_genomic.fna	3	0	0	0	0	0	0	0	0	0	0	1	1	1	0	0	0	0	NZ_QRGP01000001.1 Sphingorhabdus pulchriflava strain GY_G G_1, whole genome shotgun sequence [6 total records]
GCF_007004095.1_genomic.fna	3	0	0	0	0	0	0	0	0	0	0	0	2	0	0	1	0	0	NZ_VHJK01000001.1 Erythrobacter insulae strain JBTF-M21 contig1, whole genome shotgun sequence [2 total records]
GCA_000016765.1_genomic.fna	3	0	0	0	0	0	0	0	0	0	0	0	3	0	0	0	0	0	CP000699.1 Sphingomonas wittichii RW1, complete genome [3 total records]
GCF_020524765.1_genomic.fna	3	0	0	0	0	0	0	0	0	0	0	0	2	0	0	1	0	0	NZ_JAIVLR010000001.1 Qipengyuania gaetbuli strain DP7N0-1 DP7N0-1_ctg001, whole genome shotgun sequence [4 total records]
GCF_003583725.1_genomic.fna	1	0	0	0	0	0	0	0	0	0	0	0	1	0	0	0	0	0	NZ_QXTF01000001.1 Sphingomonas edaphi strain DAC4 contig1, whole genome shotgun sequence [5 total records]
GCF_001028705.1_genomic.fna	1	0	0	0	0	0	0	0	0	0	0	0	1	0	0	0	0	0	NZ_CP011770.1 Croceicoccus naphthovorans strain PQ-2 chromosome, complete genome [3 total records]
GCF_007998985.1_genomic.fna	1	0	0	0	0	0	0	0	0	0	0	0	1	0	0	0	0	0	NZ_CP041659.1 Sphingomonas xanthus strain AE3 chromosome, complete genome [1 total record]
GCF_000281715.2_genomic.fna	4	0	0	0	0	0	0	0	0	0	0	0	2	0	0	1	1	0	NZ_CP124576.1 Sphingobium sp. AP49 chromosome, complete genome [1 total record]
GCF_003385775.1_genomic.fna	2	0	0	0	0	0	0	0	0	0	1	0	0	0	0	1	0	0	NZ_QRDP01000004.1 Parasphingopyxis lamellibrachiae strain DSM 26725 Ga0244568_101, whole genome shotgun sequence [12 total records]
GCF_002855555.1_genomic.fna	1	0	0	0	0	0	0	0	0	0	0	0	1	0	0	0	0	0	NZ_PKRT01000001.1 Novosphingobium sp. TH158 NODE_1_length_2639986_cov_602.414441, whole genome shotgun sequence [3 total records]
GCF_004965515.1_genomic.fna	3	0	0	0	0	0	0	0	0	0	0	0	2	0	0	1	0	0	NZ_SSHH01000001.1 Alteraurantiacibacter aquimixticola strain SSKS-13 contig1, whole genome shotgun sequence [5 total records]
GCA_021732525.1_genomic.fna	1	0	0	0	0	0	0	0	0	1	0	0	0	0	0	0	0	0	JAKFUU010000012.1 MAG: Sphingomonadaceae bacterium isolate D1_Bin_41 D1_0000017, whole genome shotgun sequence [68 total records]
GCA_947492235.1_genomic.fna	3	0	0	0	0	0	0	0	0	0	0	0	2	0	0	1	0	0	CANLLZ010000001.1 uncultured Altererythrobacter sp. isolate 49.fasta genome assembly, contig: NODE_1, whole genome shotgun sequence [2 total records]
GCA_000333335.1_genomic.fna	1	0	0	0	0	0	0	0	0	0	0	0	1	0	0	0	0	0	BACX01000883.1 Sphingomonas-like bacterium B12 DNA, contig: IB012.C884, whole genome shotgun sequence [742 total records]
GCA_025056155.1_genomic.fna	1	0	0	0	0	0	0	0	0	0	0	0	1	0	0	0	0	0	JANWWL010000009.1 MAG: Sphingomonadaceae bacterium isolate SKYG20 k141_101257, whole genome shotgun sequence [9 total records]
GCA_035543295.1_genomic.fna	2	0	0	0	0	0	0	0	0	0	0	0	1	0	0	1	0	0	DASZZS010000001.1 MAG TPA_asm: Novosphingobium sp. isolate SMAG_U6242 k141_78980, whole genome shotgun sequence [21 total records]
GCF_014230315.1_genomic.fna	3	0	0	0	0	0	0	0	0	1	0	0	1	0	0	1	0	0	NZ_JACLAW010000010.1 Novosphingobium flavum strain NBRC 111647 NODE_10_length_179269_cov_69.110795, whole genome shotgun sequence [26 total records]
GCF_001658005.1_genomic.fna	6	0	0	0	0	0	0	0	1	0	0	0	3	0	0	1	1	0	NZ_CP015986.1 Sphingobium sp. EP60837 chromosome 1, complete sequence [4 total records]
GCA_036946325.1_genomic.fna	2	0	0	0	0	0	0	0	0	0	0	0	1	0	0	1	0	0	JAQIJL010000001.1 MAG: Sphingomonas paucimobilis isolate bin20 tig00000164, whole genome shotgun sequence [3 total records]
GCF_002155425.1_genomic.fna	2	0	0	0	0	0	0	0	0	0	0	0	1	0	0	1	0	0	NZ_MUYG01000002.1 Erythrobacter donghaensis strain DSM 16220 DSM16220_10_5145, whole genome shotgun sequence [11 total records]
GCF_007995055.1_genomic.fna	2	0	0	0	0	0	0	0	0	0	0	0	1	0	0	1	0	0	NZ_VOQQ01000001.1 Sphingosinicella ginsenosidimutans strain BS-11 0BS11, whole genome shotgun sequence [2 total records]
GCA_947493195.1_genomic.fna	3	0	0	0	0	0	0	0	0	0	0	0	2	0	0	1	0	0	CANLQG010000001.1 uncultured Sphingomonadaceae bacterium isolate 937-G.fasta genome assembly, contig: NODE_1, whole genome shotgun sequence [28 total records]
GCA_029202385.1_genomic.fna	2	0	0	0	0	0	0	0	0	0	0	0	1	0	0	1	0	0	CP119314.1 MAG: Candidatus Sphingomonas phytovorans isolate MAG_3606 chromosome, complete genome [1 total record]
GCF_000241465.1_genomic.fna	1	0	0	0	0	0	0	0	0	0	0	0	0	0	0	1	0	0	NZ_JH584235.1 Sphingomonas echinoides ATCC 14820 scaffold00001, whole genome shotgun sequence [6 total records]
GCF_000282895.1_genomic.fna	2	0	0	0	0	0	0	0	0	0	0	0	1	0	1	0	0	0	NZ_ALBQ01000001.1 Sphingomonas sp. ATCC 31555 contig000001, whole genome shotgun sequence [57 total records]
GCF_000974765.1_genomic.fna	2	0	0	0	0	0	0	0	0	1	0	0	1	0	0	0	0	0	NZ_BBWU01000053.1 Sphingomonas changbaiensis NBRC 104936, whole genome shotgun sequence [53 total records]
GCF_004004515.1_genomic.fna	1	0	0	0	0	0	0	0	0	0	0	0	1	0	0	0	0	0	NZ_RXOL01000001.1 Croceicoccus ponticola strain GM-16 1, whole genome shotgun sequence [16 total records]
GCF_023823125.1_genomic.fna	2	0	0	0	0	0	0	0	0	0	0	0	2	0	0	0	0	0	NZ_CP090949.1 Erythrobacter aurantius strain C5 chromosome, complete genome [1 total record]
GCF_024758705.1_genomic.fna	6	0	0	0	0	0	0	0	0	1	0	0	4	0	0	1	0	0	NZ_CP096971.1 Sphingomonas sp. SUN019 chromosome, complete genome [1 total record]
GCF_013778325.1_genomic.fna	1	0	0	0	0	0	0	0	0	0	0	0	0	0	0	1	0	0	NZ_JACEIB010000001.1 Sphingomonas chungangi strain CGMCC 1.13654 soapdenovo_K_83_1, whole genome shotgun sequence [22 total records]
GCA_037658235.1_genomic.fna	2	0	0	0	0	0	0	0	0	0	0	0	2	0	0	0	0	0	JBBJLN010000001.1 Kordiimonadaceae bacterium YC-2023-2 YC.2023.2_ctg0001, whole genome shotgun sequence [31 total records]
GCF_018603885.1_genomic.fna	2	0	0	0	0	0	0	0	0	0	0	0	1	0	0	1	0	0	NZ_JAHGAW010000001.1 Sphingobium nicotianae strain H33 Scaffold1, whole genome shotgun sequence [24 total records]
GCF_040407565.1_genomic.fna	3	0	0	0	0	0	0	0	0	0	0	0	2	0	0	1	0	0	NZ_JAPZPR010000010.1 Sphingomonas faeni strain P400S1 NODE_10_length_141180_cov_41.336810, whole genome shotgun sequence [19 total records]
GCF_002351485.1_genomic.fna	3	0	0	0	0	0	0	0	0	1	0	1	1	0	0	0	0	0	NZ_NWMW01000001.1 Sphingomonas spermidinifaciens strain 9NM-10 contig1, whole genome shotgun sequence [5 total records]
GCF_027941955.1_genomic.fna	3	0	0	0	0	0	0	0	0	0	0	1	2	0	0	0	0	0	NZ_CP115960.1 Sphingomonas sp. 7/4-4 chromosome, complete genome [1 total record]
GCF_022832375.1_genomic.fna	3	0	0	0	0	0	0	0	0	1	0	0	1	0	0	1	0	0	NZ_JALHLG010000001.1 Novosphingobium beihaiensis strain B2638 contig1, whole genome shotgun sequence [90 total records]
GCF_038594725.1_genomic.fna	2	0	0	0	0	0	0	0	0	0	0	0	1	0	0	1	0	0	NZ_JBCFZR010000001.1 Citromicrobium bathyomarinum strain JL1455 contig1, whole genome shotgun sequence [4 total records]
GCF_014334115.1_genomic.fna	2	0	0	0	0	0	0	0	0	0	0	0	1	0	0	1	0	0	NZ_CP060494.1 Sphingosinithalassobacter sp. CS137 chromosome, complete genome [1 total record]
GCA_003724185.1_genomic.fna	1	0	0	0	0	0	0	0	0	0	0	0	0	0	0	1	0	0	RHGM01000005.1 MAG: Porphyrobacter sp. IPPAS B-1204 Mongol_c18, whole genome shotgun sequence [9 total records]
GCF_019803445.1_genomic.fna	2	0	0	0	0	0	0	0	0	0	0	0	1	0	0	1	0	0	NZ_CP081844.1 Caenibius sp. WL chromosome, complete genome [2 total records]
GCF_001591005.1_genomic.fna	3	0	0	0	0	0	0	0	1	0	0	0	1	0	0	1	0	0	NZ_BCTY01000001.1 Sphingomonas sanguinis NBRC 13937, whole genome shotgun sequence [122 total records]
GCF_009363635.1_genomic.fna	4	0	0	0	0	0	0	0	0	0	0	0	3	0	0	1	0	0	NZ_CP045392.1 Erythrobacter sp. THAF29 chromosome, complete genome [1 total record]
GCF_001886695.1_genomic.fna	4	0	0	0	0	0	0	0	0	0	0	0	2	1	0	1	0	0	NZ_CP018097.1 Aurantiacibacter gangjinensis strain JCM 15420 chromosome I, complete sequence [2 total records]
GCF_020171365.1_genomic.fna	3	0	0	0	0	0	0	0	0	0	0	0	2	0	0	1	0	0	NZ_JAIUZO010000001.1 Qipengyuania gaetbuli strain DP3N0-4 DP3N0-4_ctg01, whole genome shotgun sequence [2 total records]
GCF_009828065.1_genomic.fna	4	0	0	0	0	0	0	0	0	0	0	0	2	1	0	1	0	0	NZ_WTYK01000010.1 Croceibacterium soli strain MCCC 1K02066 NODE_10_length_79083, whole genome shotgun sequence [15 total records]
GCF_021502585.1_genomic.fna	1	0	0	0	0	0	0	0	0	0	0	0	1	0	0	0	0	0	NZ_JAKFGM010000001.1 Sphingomonas cremea strain G124 1, whole genome shotgun sequence [8 total records]
GCF_900188185.1_genomic.fna	2	0	0	0	0	0	0	0	0	0	0	0	1	0	0	1	0	0	NZ_FZPA01000037.1 Sphingopyxis indica strain DS15, whole genome shotgun sequence [37 total records]
GCF_958304185.1_genomic.fna	1	0	0	0	0	0	0	0	0	0	0	0	0	0	0	1	0	0	NZ_OY284433.1 MAG: uncultured Erythrobacter sp. chromosome 1 [5 total records]
GCF_030271515.1_genomic.fna	3	0	0	0	0	0	0	0	0	1	0	0	1	0	0	1	0	0	NZ_JASCXI010000001.1 Erythrobacter oryzae strain COR-2 COR-2.00001, whole genome shotgun sequence [7 total records]
GCA_947492905.1_genomic.fna	2	0	0	0	0	0	0	0	0	0	0	0	1	0	0	1	0	0	CANLOL010000001.1 uncultured Sphingorhabdus sp. isolate 902.fasta genome assembly, contig: NODE_1, whole genome shotgun sequence [2 total records]
GCF_014641735.1_genomic.fna	1	0	0	0	0	0	0	0	0	0	0	0	1	0	0	0	0	0	NZ_BMIH01000001.1 Sphingomonas metalli strain CGMCC 1.15330 sequence01, whole genome shotgun sequence [16 total records]
GCF_013911755.1_genomic.fna	3	0	0	0	0	1	0	0	0	0	0	0	0	1	0	1	0	0	NZ_JACESP010000001.1 MAG: Sphingosinicella sp. isolate MCMED-G19 Sphingosinicella-MCMED-G19-C1, whole genome shotgun sequence [48 total records]
GCF_900111125.1_genomic.fna	4	0	0	0	0	0	0	0	0	0	1	0	1	0	0	1	1	0	NZ_FOGE01000088.1 Sphingobium sp. YR768, whole genome shotgun sequence [88 total records]
GCF_002091475.1_genomic.fna	3	0	0	0	0	0	0	0	0	0	0	1	1	0	1	0	0	0	NZ_BCTR01000001.1 Sphingomonas azotifigens NBRC 15497, whole genome shotgun sequence [140 total records]
GCF_001421965.1_genomic.fna	4	0	0	0	0	0	0	0	0	0	0	0	2	0	0	1	0	1	NZ_LMLP01000001.1 Sphingomonas sp. Leaf67 contig_1, whole genome shotgun sequence [25 total records]
GCF_000803645.1_genomic.fna	5	0	0	0	0	0	0	0	0	0	0	0	4	0	0	1	0	0	NZ_CP009122.1 Sphingopyxis fribergensis strain Kp5.2 chromosome, complete genome [2 total records]
GCF_000447205.1_genomic.fna	2	0	0	0	0	0	0	0	0	0	0	0	1	0	0	1	0	0	NZ_AUWY01000001.1 Sphingobium ummariense RL-3 contig001, whole genome shotgun sequence [130 total records]
GCF_001721295.1_genomic.fna	3	0	0	0	0	0	0	0	0	0	0	0	2	0	0	1	0	0	NZ_MDDS01000003.1 Sphingomonas turrisvirgatae strain MCT13 MCT13_NODE_10_length_149363_cov_33.7359_ID_685, whole genome shotgun sequence [70 total records]
GCF_039543105.1_genomic.fna	1	0	0	0	0	0	0	0	0	0	0	0	1	0	0	0	0	0	NZ_BAABJC010000001.1 Sphingomonas daechungensis strain JCM 17887 sequence1, whole genome shotgun sequence [1 total record]
GCF_009739515.1_genomic.fna	3	0	0	0	0	0	0	0	0	0	0	0	2	0	0	1	0	0	NZ_CP046535.1 Sphingomonas profundi strain LMO-1 chromosome, complete genome [1 total record]
GCF_040217515.1_genomic.fna	3	0	0	0	0	0	0	0	0	0	0	0	2	0	0	1	0	0	NZ_JAVJPT010000012.1 MAG: Erythrobacter sp. isolate E1-EBD-20 k141_10518, whole genome shotgun sequence [15 total records]
GCF_022601895.1_genomic.fna	3	0	0	0	0	0	0	0	0	0	0	0	1	1	0	1	0	0	NZ_JAKVIO010000074.1 Sphingomonas sp. LaA6.9 map unlocalized plasmid unnamed NODE_136_length_7039_cov_386.100833, whole genome shotgun sequence [95 total records]
GCF_037095755.1_genomic.fna	3	0	0	0	0	0	0	0	0	0	0	0	2	0	0	1	0	0	NZ_JBAWKJ010000001.1 Sphingopyxis sp. CCNWLW2 scaffold1, whole genome shotgun sequence [5 total records]
GCF_024398035.1_genomic.fna	3	0	0	0	0	0	0	0	0	0	0	0	3	0	0	0	0	0	NZ_CP073748.1 Kordiimonas sp. SCSIO 12603 chromosome, complete genome [1 total record]
GCF_900177715.1_genomic.fna	3	0	0	0	0	0	0	0	0	0	0	0	2	0	0	1	0	0	NZ_FXWG01000005.1 Altererythrobacter xiamenensis strain CGMCC 1.12494, whole genome shotgun sequence [5 total records]
GCF_019711375.1_genomic.fna	0	0	0	0	0	0	0	0	0	0	0	0	0	0	0	0	0	0	NZ_CP081295.1 Qipengyuania aurantiaca strain 1NDH13 chromosome [1 total record]
GCF_000331225.1_genomic.fna	1	0	0	0	0	0	0	0	0	0	0	0	1	0	0	0	0	0	NZ_ANFY01000002.1 Sandarakinorhabdus sp. AAP62 Contig6, whole genome shotgun sequence [21 total records]
GCF_020539485.1_genomic.fna	2	0	0	0	0	0	0	0	0	0	0	0	1	0	0	1	0	0	NZ_JACDXU010000001.1 Altererythrobacter sp. CC-YST694 contig01, whole genome shotgun sequence [12 total records]
GCF_003958635.1_genomic.fna	4	0	0	0	0	0	0	1	0	0	0	0	2	1	0	0	0	0	NZ_RSEK01000010.1 Altericroceibacterium xinjiangense strain CCTCC AB 207166 NODE_10_length_89715_cov_932.012182, whole genome shotgun sequence [59 total records]
GCF_003584125.1_genomic.fna	3	0	0	0	0	0	0	0	0	0	0	0	2	0	0	1	0	0	NZ_QXFL01000001.1 Aurantiacibacter zhengii strain V18 V18_1, whole genome shotgun sequence [28 total records]
GCF_963675455.1_genomic.fna	1	0	0	0	0	0	0	0	0	0	0	0	0	1	0	0	0	0	NZ_OY776217.1 MAG: Emcibacter sp. isolate 94883966-76d7-4443-8d17-73b9fd1f6f6b chromosome 1, complete sequence [1 total record]
GCF_030066995.1_genomic.fna	4	0	0	0	0	0	0	0	0	0	0	0	3	0	0	1	0	0	NZ_JASJAP010000001.1 MAG: Erythrobacter sp. isolate MO_005.B18 MO_005.c_1, whole genome shotgun sequence [9 total records]
GCF_002277025.1_genomic.fna	2	0	0	0	0	0	0	0	0	0	0	0	1	0	0	1	0	0	NZ_NIWD01000008.1 Sphingopyxis sp. GW247-27LB scaffold1.1, whole genome shotgun sequence [18 total records]
GCF_002952215.1_genomic.fna	2	0	0	0	0	0	0	0	0	0	0	0	1	0	0	1	0	0	NZ_CP022600.1 Porphyrobacter sp. HT-58-2 chromosome, complete genome [1 total record]
GCF_004005865.1_genomic.fna	3	0	0	0	0	0	0	0	0	0	0	1	2	0	0	0	0	0	NZ_SACN01000001.1 Sphingomonas crocodyli strain CCP-7 NODE_1_length_3041622_cov_67, whole genome shotgun sequence [8 total records]
GCF_036946305.1_genomic.fna	3	0	0	0	0	0	0	0	1	1	0	0	0	0	0	1	0	0	NZ_JAQIJJ010000001.1 MAG: Sphingomonas adhaesiva isolate bin18 tig00000178, whole genome shotgun sequence [13 total records]
GCF_009827455.1_genomic.fna	2	0	0	0	0	0	0	0	0	0	0	0	1	0	0	1	0	0	NZ_WTYZ01000001.1 Pontixanthobacter aestiaquae strain KCTC 42006 NODE_1_length_2859684_, whole genome shotgun sequence [2 total records]
GCF_004341375.1_genomic.fna	1	0	0	0	0	0	0	0	0	0	0	0	1	0	0	0	0	0	NZ_SLXO01000001.1 Rhodothalassium salexigens DSM 2132 Ga0310481_101, whole genome shotgun sequence [23 total records]
GCF_017309955.1_genomic.fna	4	0	0	0	0	0	0	0	0	0	0	0	2	0	0	1	1	0	NZ_CP021247.1 Novosphingobium sp. KA1 chromosome 1, complete sequence [3 total records]
GCF_018398395.1_genomic.fna	3	0	0	0	0	0	0	0	0	0	0	0	3	0	0	0	0	0	NZ_JAHCBF010000010.1 Croceicoccus gelatinilyticus strain 1NDH52 NODE_10_length_68790_cov_169.980033, whole genome shotgun sequence [43 total records]
GCF_003355455.1_genomic.fna	2	0	0	0	0	0	0	0	0	0	0	0	1	0	0	1	0	0	NZ_CP031357.1 Erythrobacter aureus strain YH-07 chromosome, complete genome [2 total records]
GCF_004216825.1_genomic.fna	4	0	0	0	0	0	0	0	0	0	0	0	3	0	0	1	0	0	NZ_SGXR01000003.1 Sphingomonas sp. BK036 Ga0307663_101, whole genome shotgun sequence [11 total records]
GCF_009909235.1_genomic.fna	3	0	0	0	0	0	0	0	0	0	0	0	2	0	0	1	0	0	NZ_JAAAPO010000001.1 Novosphingobium ovatum strain FSY-8 contig00001, whole genome shotgun sequence [11 total records]
GCF_039615155.1_genomic.fna	3	0	0	0	0	0	0	0	0	0	0	0	2	0	0	1	0	0	NZ_JBDGHY010000001.1 Sphingomonas sp. T9W2 T9W2_Genome_contig_1, whole genome shotgun sequence [32 total records]
GCF_021043365.1_genomic.fna	6	0	0	0	0	0	0	0	0	1	0	0	4	0	0	1	0	0	NZ_JAJNDU010000010.1 Sphingomonas sp. IC-11 NODE_10_length_1212_cov_50.847926, whole genome shotgun sequence [10 total records]
GCF_001281485.1_genomic.fna	3	0	0	0	0	0	0	0	0	0	0	0	2	0	0	1	0	0	NZ_CP012669.1 Altererythrobacter epoxidivorans strain CGMCC 1.7731 chromosome, complete genome [1 total record]
GCF_014197135.1_genomic.fna	4	0	0	0	0	0	0	0	0	0	0	0	3	0	0	1	0	0	NZ_JACIFA010000001.1 Sphingomonas zeae strain DSM 100049 Ga0373351_01, whole genome shotgun sequence [44 total records]
GCA_947488755.1_genomic.fna	3	0	0	0	0	0	0	0	0	0	0	0	3	0	0	0	0	0	CANLAD010000001.1 uncultured Erythrobacter sp. isolate 3-258-J.fasta genome assembly, contig: NODE_1, whole genome shotgun sequence [2 total records]
GCF_004005485.1_genomic.fna	2	0	0	0	0	0	0	0	0	0	0	0	1	0	0	1	0	0	NZ_RZUL01000010.1 Sphingobium algorifonticola strain TLA-22 NODE_10_length_47719_cov_88, whole genome shotgun sequence [33 total records]
GCF_947492365.1_genomic.fna	3	0	0	0	0	0	0	0	0	0	0	0	2	0	0	1	0	0	NZ_CANLMB010000001.1 Uncultured Erythrobacter sp. isolate 572.fasta NODE_1, whole genome shotgun sequence [2 total records]
GCF_001305965.1_genomic.fna	2	0	0	0	0	0	0	0	0	0	0	0	1	0	0	1	0	0	NZ_JXQC01000003.1 Erythrobacter sp. SG61-1L scaffold_1, whole genome shotgun sequence [3 total records]
GCF_022024275.1_genomic.fna	2	0	0	0	0	0	0	0	0	0	0	0	1	0	0	1	0	0	NZ_CP091804.1 Sphingopyxis sp. BSN-002 chromosome [1 total record]
GCA_037384205.1_genomic.fna	3	0	0	0	0	0	0	0	0	0	0	0	1	1	0	1	0	0	JARROF010000001.1 MAG: Novosphingobium sp. isolate Spart_143_MAG scaffold_1, whole genome shotgun sequence [301 total records]
GCF_004122115.1_genomic.fna	2	0	0	0	0	0	0	0	0	0	0	0	1	0	0	1	0	0	NZ_SBKP01000010.1 Sphingobium fluviale strain CHR27 NODE_10_length_115879_cov_116, whole genome shotgun sequence [42 total records]
GCF_001314325.1_genomic.fna	2	0	0	0	0	0	0	0	0	0	0	0	1	0	0	1	0	0	NZ_CP009429.1 Sphingopyxis macrogoltabida strain 203 chromosome, complete genome [3 total records]
GCA_947488325.1_genomic.fna	3	0	0	0	0	0	0	0	0	0	0	0	2	0	0	1	0	0	CANKYZ010000001.1 uncultured Erythrobacter sp. isolate 3-320-G.fasta genome assembly, contig: NODE_1, whole genome shotgun sequence [12 total records]
GCF_039536725.1_genomic.fna	2	0	0	0	0	0	0	0	0	0	0	0	2	0	0	0	0	0	NZ_BAAAZD010000001.1 Sphingomonas humi strain JCM 16603 sequence1, whole genome shotgun sequence [3 total records]
GCF_019711495.1_genomic.fna	2	0	0	0	0	0	0	0	0	0	0	0	2	0	0	0	0	0	NZ_JAIGNM010000001.1 Qipengyuania xiamenensis strain 1XM1-15A NODE_1_length_1636717_cov_218.883429, whole genome shotgun sequence [5 total records]
GCF_002149965.1_genomic.fna	7	0	0	0	0	0	0	0	0	1	0	0	3	1	0	1	1	0	NZ_MSQB01000001.1 Novosphingobium panipatense strain P5:ABC scaffold1, whole genome shotgun sequence [80 total records]
GCF_011300455.1_genomic.fna	2	0	0	0	0	0	0	0	0	0	0	0	2	0	0	0	0	0	NZ_CP049869.1 Sphingomonas piscis strain HDW15B chromosome, complete genome [1 total record]
GCF_030406725.1_genomic.fna	2	0	0	0	0	0	0	0	0	0	0	0	1	0	0	1	0	0	NZ_CP129107.1 Alteriqipengyuania flavescens isolate SCSIO 75105 chromosome, complete genome [1 total record]
GCF_037996805.1_genomic.fna	3	0	0	0	0	0	0	0	0	0	0	0	2	0	0	1	0	0	NZ_JBBNAX010000001.1 Erythrobacter alti strain NBRC 111903 contig_01, whole genome shotgun sequence [10 total records]
GCF_025371035.1_genomic.fna	4	0	0	0	0	0	0	0	1	0	0	0	2	0	0	1	0	0	NZ_JANZXB010000001.1 Sphingomonas sp. LC-1 Scaffold1, whole genome shotgun sequence [47 total records]
GCF_001468465.1_genomic.fna	2	0	0	0	0	0	0	0	0	0	0	1	1	0	0	0	0	0	NZ_LNSA01000001.1 Sphingopyxis sp. H115 H115_contig000001, whole genome shotgun sequence [61 total records]
GCF_014193845.1_genomic.fna	3	0	0	0	0	0	0	0	0	0	0	1	2	0	0	0	0	0	NZ_JACHZX010000001.1 Sphingomonas sp. BK345 Ga0365278_01, whole genome shotgun sequence [20 total records]
GCF_009768975.1_genomic.fna	4	0	0	0	0	0	0	0	0	0	0	0	3	1	0	0	0	0	NZ_CP035733.1 Sphingorhabdus lacus strain IMCC1753 chromosome [1 total record]
GCF_000375545.1_genomic.fna	1	0	0	0	0	0	0	0	0	1	0	0	0	0	0	0	0	0	NZ_AQXF01000001.1 Kordiimonas gwangyangensis DSM 19435 = JCM 12864 strain DSM 19435 B150DRAFT_scaffold_0.1_C, whole genome shotgun sequence [13 total records]
GCF_004135605.1_genomic.fna	5	0	0	0	0	0	0	0	0	1	0	0	2	0	0	1	1	0	NZ_SDPT01000001.1 Sphingomonas desiccabilis strain CP1D NODE_1_length_1757769_cov_65.773517, whole genome shotgun sequence [5 total records]
GCF_019429535.1_genomic.fna	3	0	0	0	0	0	0	0	0	0	0	0	2	0	0	1	0	0	NZ_JAHXZM010000010.1 Sphingomonas citricola strain RHCKR47 NODE_10_length_50292_cov_108.383096, whole genome shotgun sequence [11 total records]
GCF_008107685.1_genomic.fna	5	0	0	0	1	0	0	0	0	1	0	0	2	0	0	1	0	0	NZ_VIRF01000088.1 Novosphingobium sp. BW1 NODE_10_length_106469_cov_35.0127_ID_19, whole genome shotgun sequence [74 total records]
GCA_029202845.1_genomic.fna	3	0	0	0	0	0	0	0	0	0	0	1	2	0	0	0	0	0	CP119315.1 MAG: Candidatus Sphingomonas colombiensis isolate MAG_27 chromosome, complete genome [1 total record]
GCF_003660445.1_genomic.fna	5	0	0	0	0	0	0	1	0	0	0	0	4	0	0	0	0	0	NZ_QZVQ01000001.1 Croceibacterium ferulae strain SX2RGS8 contig001, whole genome shotgun sequence [32 total records]
GCF_009827545.1_genomic.fna	3	0	0	0	0	0	0	0	0	0	0	0	2	0	0	1	0	0	NZ_WTYS01000001.1 Pontixanthobacter gangjinensis strain JCM 17802 NODE_1_length_2888119, whole genome shotgun sequence [1 total record]
GCF_011927825.1_genomic.fna	4	0	1	0	0	0	0	0	0	0	0	0	2	1	0	0	0	0	NZ_JAATJI010000001.1 Polymorphobacter fuscus strain DSM 105347 Ga0373281_01, whole genome shotgun sequence [3 total records]
GCA_947489315.1_genomic.fna	4	0	0	0	0	0	0	0	0	0	0	0	3	0	0	1	0	0	CANLCX010000001.1 uncultured Sphingomonadaceae bacterium isolate 3-68-G.fasta genome assembly, contig: NODE_1, whole genome shotgun sequence [9 total records]
GCF_014653575.1_genomic.fna	1	0	0	0	0	0	0	0	0	0	0	0	0	0	0	1	0	0	NZ_BNAQ01000001.1 Sphingomonas glacialis strain CGMCC 1.8957 sequence01, whole genome shotgun sequence [32 total records]
GCF_002796605.1_genomic.fna	4	0	0	0	0	0	0	0	0	0	1	0	2	0	0	1	0	0	NZ_CP024923.1 Sphingomonas psychrotolerans strain Cra20 chromosome, complete genome [2 total records]
GCF_009363895.1_genomic.fna	2	0	0	0	0	0	0	0	0	0	0	0	2	0	0	0	0	0	NZ_CP045434.1 Sphingomonas ginsengisoli An et al. 2013 strain KACC 16858 chromosome, complete genome [1 total record]
GCF_019635515.1_genomic.fna	2	0	0	0	0	0	0	0	0	0	0	0	1	0	0	1	0	0	NZ_JAHBZI010000001.1 MAG: Sphingomonas sp. isolate ACE_PRO10 PRO10_1, whole genome shotgun sequence [2 total records]
GCA_947503625.1_genomic.fna	1	0	0	0	0	0	0	0	0	0	0	0	1	0	0	0	0	0	CANNEK010000001.1 uncultured Kordiimonas sp. isolate 199-3Z.fasta genome assembly, contig: NODE_1, whole genome shotgun sequence [9 total records]
GCF_020177055.1_genomic.fna	5	0	0	0	0	0	1	0	0	0	0	0	2	1	0	1	0	0	NZ_JAIQXT010000001.1 Sphingomonas sp. R647 scaffold1, whole genome shotgun sequence [12 total records]
GCF_001956315.1_genomic.fna	3	0	0	0	0	0	0	0	0	0	0	0	2	0	0	1	0	0	NZ_MOLY01000001.1 Sphingomonas montana strain W16RD contig_1, whole genome shotgun sequence [35 total records]
GCF_037154135.1_genomic.fna	3	0	0	0	0	0	0	0	0	0	0	0	2	0	0	1	0	0	NZ_JBANFL010000001.1 Sphingobium aquiterrae strain DSM 106441 NODE_1_length_476206_cov_151.728175, whole genome shotgun sequence [55 total records]
GCF_014643455.1_genomic.fna	2	0	0	0	0	0	0	0	0	0	0	0	2	0	0	0	0	0	NZ_BMJM01000001.1 Polymorphobacter glacialis strain CGMCC 1.15519 sequence01, whole genome shotgun sequence [34 total records]
GCF_002127225.1_genomic.fna	3	0	0	0	0	0	0	0	0	0	1	0	1	0	0	1	0	0	NZ_NFUR01000001.1 Sphingomonas sp. IBVSS2 contig000001, whole genome shotgun sequence [9 total records]
GCF_004341845.1_genomic.fna	7	0	0	0	0	0	0	0	0	0	0	0	4	1	0	1	1	0	NZ_SLVB01000001.1 Novosphingobium sp. PhB165 Ga0304885_101, whole genome shotgun sequence [28 total records]
GCF_039523595.1_genomic.fna	3	0	0	0	0	0	0	0	0	0	0	0	2	0	0	1	0	0	NZ_BAAAFP010000001.1 Alteraurantiacibacter aestuarii strain JCM 16339 sequence1, whole genome shotgun sequence [3 total records]
GCA_035654015.1_genomic.fna	1	0	0	0	0	0	0	0	0	0	0	0	1	0	0	0	0	0	DASRXX010000001.1 MAG TPA_asm: Sphingobium sp. isolate SMAG_U12962 k141_39228, whole genome shotgun sequence [13 total records]
GCF_900168005.1_genomic.fna	2	0	0	0	0	0	0	0	0	0	0	0	1	0	0	1	0	0	NZ_FUYP01000117.1 Sphingopyxis flava strain R11H, whole genome shotgun sequence [119 total records]
GCF_003797775.2_genomic.fna	2	0	0	0	0	0	0	0	0	0	0	0	1	0	0	1	0	0	NZ_CP060725.1 Sphingopyxis sp. OPL5 chromosome, complete genome [1 total record]
GCA_947488845.1_genomic.fna	2	0	0	0	0	0	0	0	0	0	0	0	1	0	0	1	0	0	CANLBM010000001.1 uncultured Sphingomonadaceae bacterium isolate 3-7-3Z.fasta genome assembly, contig: NODE_1, whole genome shotgun sequence [44 total records]
GCF_039522915.1_genomic.fna	2	0	0	0	0	0	0	0	0	0	0	0	1	0	0	1	0	0	NZ_BAAAEH010000001.1 Sphingomonas oligophenolica strain JCM 12082 sequence01, whole genome shotgun sequence [70 total records]
GCF_014358075.1_genomic.fna	2	0	0	0	0	0	0	0	0	0	0	0	2	0	0	0	0	0	NZ_JACONT010000001.1 Sphingomonas albertensis strain DOAB 1063 DOAB1063_contig_1, whole genome shotgun sequence [80 total records]
GCF_011761305.1_genomic.fna	2	0	0	0	0	0	0	0	0	0	0	0	1	1	0	0	0	0	NZ_JAAOZC010000001.1 Sphingomonas vulcanisoli strain CECT 8804 Ga0372438_01, whole genome shotgun sequence [17 total records]
GCF_014199685.1_genomic.fna	2	0	0	0	0	1	0	0	0	0	0	0	0	0	0	1	0	0	NZ_JACHNZ010000001.1 Sphingosinicella soli strain DSM 17328 Ga0373316_01, whole genome shotgun sequence [95 total records]
GCF_029688625.1_genomic.fna	4	0	0	0	0	0	0	0	0	0	0	0	3	0	0	1	0	0	NZ_JARULC010000001.1 Qipengyuania sp. XHP0207 NODE_1_length_1040360_cov_213.296958, whole genome shotgun sequence [4 total records]
GCF_000802385.1_genomic.fna	3	0	0	0	0	0	0	1	0	0	0	0	2	0	0	0	0	0	NZ_JTDN01000001.1 Croceibacterium mercuriale strain Coronado scaffold_0, whole genome shotgun sequence [7 total records]
GCA_947501885.1_genomic.fna	2	0	0	0	0	0	0	0	0	0	0	0	1	0	0	1	0	0	CANMXN010000001.1 uncultured Sphingorhabdus sp. isolate 2-338.fasta genome assembly, contig: NODE_1, whole genome shotgun sequence [11 total records]
GCF_003050615.1_genomic.fna	6	0	0	0	0	0	2	0	0	0	0	0	3	0	0	0	1	0	NZ_NWBU01000013.1 Sphingomonas oleivorans strain FW-11 C101, whole genome shotgun sequence [19 total records]
GCF_001476905.1_genomic.fna	1	0	0	0	0	0	0	0	0	0	0	0	1	0	0	0	0	0	NZ_LDTE01000001.1 Sphingomonas sanguinis strain SB4 contig_1, whole genome shotgun sequence [174 total records]
GCF_011320075.1_genomic.fna	3	0	0	0	0	0	0	0	0	0	1	0	1	0	0	1	0	0	NZ_JAANPA010000001.1 Sphingosinicella sp. YJ22 1, whole genome shotgun sequence [81 total records]
GCF_004208535.1_genomic.fna	5	0	0	0	0	0	0	0	0	0	0	0	3	0	0	1	1	0	NZ_SGIS01000001.1 Sphingomonas populi strain 3-7 Scaffold1, whole genome shotgun sequence [156 total records]
GCF_000756375.1_genomic.fna	3	0	0	0	0	0	0	0	0	0	0	0	2	0	0	1	0	0	NZ_JNFD01000001.1 Sphingopyxis sp. LC81 contig1, whole genome shotgun sequence [44 total records]
GCF_900167915.1_genomic.fna	3	0	0	0	0	0	0	0	0	0	0	0	3	0	0	0	0	0	NZ_FUYM01000059.1 Rhizorhabdus histidinilytica strain UM2, whole genome shotgun sequence [59 total records]
GCF_032391395.1_genomic.fna	3	0	0	0	0	0	0	0	0	0	0	1	2	0	0	0	0	0	NZ_CP135916.1 Sphingomonas sp. Y38-1Y chromosome, complete genome [1 total record]
GCF_015865035.1_genomic.fna	6	0	0	0	0	0	0	0	0	1	0	0	3	1	0	1	0	0	NZ_JADZGI010000010.1 Novosphingobium aureum strain YJ-S2-02 NODE_10_length_35585_cov_88.136359, whole genome shotgun sequence [18 total records]
GCF_014334095.1_genomic.fna	3	0	0	0	0	0	0	0	0	0	0	0	2	0	0	1	0	0	NZ_CP060495.1 Novosphingopyxis iocasae strain PB63 chromosome, complete genome [1 total record]
GCF_001563265.1_genomic.fna	7	0	0	0	0	0	0	0	0	1	1	0	4	0	0	1	0	0	NZ_CP005083.1 Sphingobium sp. TKS chromosome 1, complete sequence [11 total records]
GCA_039973155.1_genomic.fna	3	0	0	0	0	0	0	0	0	0	0	0	2	0	0	1	0	0	JBDWLM010000001.1 MAG: Erythrobacter sp. isolate CI.26.M.D5_445_108 CI_26_M_D5_445_108_000000000001, whole genome shotgun sequence [15 total records]
GCF_025574465.1_genomic.fna	1	0	0	0	0	0	0	0	0	1	0	0	0	0	0	0	0	0	NZ_JAOBPP010000012.1 Kordiimonas aestuarii strain JCM 17742 SW46_10_102061, whole genome shotgun sequence [21 total records]
GCF_014194975.1_genomic.fna	3	0	0	0	0	0	0	0	0	0	0	1	2	0	0	0	0	0	NZ_JACIAY010000001.1 Sphingomonas sp. BK580 Ga0365309_01, whole genome shotgun sequence [33 total records]
GCF_001421355.1_genomic.fna	4	0	0	0	0	0	0	0	1	0	0	0	2	0	0	1	0	0	NZ_LMKC01000001.1 Sphingomonas sp. Leaf9 contig_1, whole genome shotgun sequence [7 total records]
GCF_018982885.2_genomic.fna	3	0	0	0	0	0	0	0	0	0	0	0	2	1	0	0	0	0	NZ_CP081848.1 Polymorphobacter megasporae strain PAMC 29362 chromosome, complete genome [3 total records]
GCA_005518185.1_genomic.fna	2	0	0	0	0	0	0	0	0	0	0	0	1	0	0	1	0	0	RKSN01000001.1 Chakrabartia godavariana strain PRB40 NODE_1_length_1187972_cov_387.994584, whole genome shotgun sequence [5 total records]
GCF_014841615.1_genomic.fna	3	0	0	0	0	0	0	0	1	0	0	0	2	0	0	0	0	0	NZ_JACYUG010000001.1 Sphingomonas sp. CFBP 8760 strain CFBP8760 CFBP876001, whole genome shotgun sequence [56 total records]
GCA_022953095.1_genomic.fna	2	0	0	0	0	0	0	0	0	0	0	0	1	0	0	1	0	0	JALJCR010000001.1 Qipengyuania sp. ABI-127-1 NODE_1, whole genome shotgun sequence [6 total records]
GCF_040676365.1_genomic.fna	9	0	0	0	0	1	0	0	1	1	1	0	3	0	0	1	1	0	NZ_JBEGHS010000001.1 Sphingobium sp. LMA1-1-1.1 MRBLMA1_scf1, whole genome shotgun sequence [33 total records]
GCA_947495695.1_genomic.fna	2	0	0	0	0	0	0	0	0	0	0	0	2	0	0	0	0	0	CANLZP010000001.1 uncultured Erythrobacter sp. isolate 4-1445.fasta genome assembly, contig: NODE_1, whole genome shotgun sequence [3 total records]
GCF_036663755.1_genomic.fna	3	0	0	0	0	0	0	0	0	0	0	0	2	0	0	1	0	0	NZ_JAXOJL010000001.1 Sphingomonas sp. GB1N7 Y668_1, whole genome shotgun sequence [25 total records]
GCF_030866745.1_genomic.fna	3	0	0	0	0	0	0	0	0	0	0	0	3	0	0	0	0	0	NZ_CP133016.1 Sphingomonas flavescens strain PT-12 chromosome, complete genome [1 total record]
GCF_034380315.1_genomic.fna	3	0	0	0	0	0	0	0	0	0	0	0	2	0	0	1	0	0	NZ_JAXMPB010000001.1 MAG: Sphingopyxis sp. isolate bin40 NODE_10_length_612896_cov_43.017578, whole genome shotgun sequence [21 total records]
GCF_013370205.1_genomic.fna	3	0	0	0	0	0	0	0	0	0	0	1	1	1	0	0	0	0	NZ_JABWGV010000010.1 Actirhodobacter atriluteus strain HHU K3-1 NODE_10_length_17805_cov_248.090035, whole genome shotgun sequence [16 total records]
GCA_030424845.1_genomic.fna	1	0	0	0	0	0	0	0	0	0	0	0	1	0	0	0	0	0	JAUHWC010000006.1 MAG: Alphaproteobacteria bacterium isolate 1_bin.9 NODE_107_length_143311_cov_3.091128, whole genome shotgun sequence [9 total records]
GCF_900258045.1_genomic.fna	3	0	0	0	0	0	0	0	0	0	0	0	2	0	0	1	0	0	NZ_OGVD01000004.1 Sphingorhabdus sp. EL138 isolate Sphingorhabdus sp. EL138, whole genome shotgun sequence [4 total records]
GCF_001425385.1_genomic.fna	5	0	0	0	0	0	0	0	1	0	0	0	2	0	0	1	1	0	NZ_LMQO01000001.1 Sphingomonas sp. Leaf407 contig_1, whole genome shotgun sequence [9 total records]
GCA_022652485.1_genomic.fna	3	0	0	0	0	0	0	0	0	0	0	0	1	1	0	1	0	0	JALCRK010000001.1 MAG: Sphingobium sp. isolate UW_MP_SPHING1_2 Ga0455772_0000024, whole genome shotgun sequence [62 total records]
GCF_005503695.1_genomic.fna	2	0	0	0	0	0	0	0	0	0	0	0	1	0	0	1	0	0	NZ_SCMU01000010.1 Sphingopyxis sp. 2PD NODE_10_length_106065_cov_18.788801, whole genome shotgun sequence [53 total records]
GCA_035196065.1_genomic.fna	2	0	0	0	0	0	0	0	0	0	0	1	0	1	0	0	0	0	CP136575.1 MAG: Sphingobium sp. isolate GU0601_MAG6 chromosome, complete genome [1 total record]
GCF_032378825.1_genomic.fna	3	0	0	0	0	0	0	0	0	0	0	0	2	0	0	1	0	0	NZ_JAVUPU010000001.1 Sphingosinicella sp. GR2756 Scaffold1, whole genome shotgun sequence [23 total records]
GCF_019880555.1_genomic.fna	5	0	0	0	0	0	0	0	0	0	0	1	2	1	0	1	0	0	NZ_JAINVU010000010.1 Hephaestia mangrovi strain CMS5P-6 Scaffold10_1, whole genome shotgun sequence [22 total records]
GCF_004340965.1_genomic.fna	5	0	0	0	0	0	0	0	1	0	0	0	2	0	0	1	1	0	NZ_SLYA01000001.1 Sphingomonas sp. PP-CE-1A-559 Ga0191671_101, whole genome shotgun sequence [36 total records]
GCF_900176395.1_genomic.fna	2	0	0	0	0	0	0	0	0	0	0	0	0	1	0	1	0	0	NZ_FWXL01000066.1 Novosphingobium sp. B1, whole genome shotgun sequence [68 total records]
GCF_000382885.1_genomic.fna	4	0	0	0	0	0	0	0	0	1	0	1	1	1	0	0	0	0	NZ_CAVK010000262.1 Sphingobium indicum BiD32, whole genome shotgun sequence [262 total records]
GCF_001719165.1_genomic.fna	3	0	0	0	0	0	0	0	0	0	0	0	2	0	0	1	0	0	NZ_CP017057.1 Erythrobacter litoralis strain DSM 8509 chromosome, complete genome [1 total record]
GCA_026004935.1_genomic.fna	1	0	0	0	0	0	0	0	0	1	0	0	0	0	0	0	0	0	BPKC01000001.1 MAG: Rhodothalassiaceae bacterium KatS3mg119 DNA, scaffold_5418, whole genome shotgun sequence [2 total records]
GCF_003050705.1_genomic.fna	4	0	0	0	0	0	0	0	0	0	0	0	3	0	0	1	0	0	NZ_QAOG01000001.1 Sphingomonas aurantiaca strain MA101b Ga0191660_101, whole genome shotgun sequence [13 total records]
GCF_008692605.1_genomic.fna	8	0	0	0	1	0	0	0	1	1	0	0	4	0	0	1	0	0	NZ_LFCT01000001.1 Sphingobium estronivorans strain AXB contig1, whole genome shotgun sequence [63 total records]
GCF_002198665.1_genomic.fna	2	0	0	0	0	0	0	0	0	0	0	0	1	0	0	1	0	0	NZ_MWLM01000001.1 Novosphingobium sp. B 225 MNBBLIKP_1, whole genome shotgun sequence [73 total records]
GCF_003584015.1_genomic.fna	3	0	0	0	0	0	0	0	0	0	0	0	2	0	0	1	0	0	NZ_QXFM01000003.1 Aurantiacibacter xanthus strain CCTCC AB 2015396 10, whole genome shotgun sequence [137 total records]
GCF_020171965.1_genomic.fna	3	0	0	0	0	0	0	0	0	0	0	0	2	0	0	1	0	0	NZ_JAIUZK010000001.1 Qipengyuania aquimaris strain DP4N0-3 DP4N0-3_ctg001, whole genome shotgun sequence [3 total records]
GCA_001295935.1_genomic.fna	3	0	0	0	0	1	0	0	0	0	1	0	0	1	0	0	0	0	LJHX01000001.1 Alpha proteobacterium AAP81b AAP81b_Contigs_1, whole genome shotgun sequence [206 total records]
GCF_002556635.1_genomic.fna	3	0	0	0	0	0	0	0	0	0	0	0	2	0	0	1	0	0	NZ_MWMO01000001.1 Novosphingobium sp. PC22D contig1, whole genome shotgun sequence [52 total records]
GCF_016107325.1_genomic.fna	2	0	0	0	0	0	0	0	0	0	0	0	1	0	0	1	0	0	NZ_RCVT01000001.1 Sphingomonas sp. MA1305 1, whole genome shotgun sequence [11 total records]
GCF_000767465.1_genomic.fna	5	0	0	0	0	0	0	0	0	0	1	0	3	0	0	1	0	0	NZ_CP009291.1 Novosphingobium pentaromativorans US6-1 chromosome, complete genome [6 total records]
GCF_001557325.1_genomic.fna	0	0	0	0	0	0	0	0	0	0	0	0	0	0	0	0	0	0	NZ_LSJS01000001.1 Erythrobacter donghaensis strain CCH17-B8 CCH17-B8_contig1, whole genome shotgun sequence [245 total records]
GCF_003034225.1_genomic.fna	1	0	0	0	0	0	0	0	0	0	0	0	1	0	0	0	0	0	NZ_PHHF01000055.1 Sphingomonas fennica strain K101 C385, whole genome shotgun sequence [89 total records]
GCF_003815535.1_genomic.fna	4	0	0	0	0	0	0	0	0	0	0	1	3	0	0	0	0	0	NZ_RPFZ01000001.1 Aurantiacibacter spongiae strain HN-E23 contig1, whole genome shotgun sequence [2 total records]
GCF_026719705.1_genomic.fna	3	0	0	0	0	0	0	0	0	0	0	0	3	0	0	0	0	0	NZ_JAPPRR010000001.1 Pseudokordiimonas caeni strain LB-31 LB-31_scaffold1, whole genome shotgun sequence [6 total records]
GCF_000152865.1_genomic.fna	3	0	0	0	0	0	0	0	0	0	0	0	2	0	0	1	0	0	NZ_CH672390.1 Erythrobacter sp. NAP1 scf_1099465005036, whole genome shotgun sequence [2 total records]
GCF_024211275.1_genomic.fna	3	0	0	0	0	0	0	0	0	0	0	0	2	0	0	1	0	0	NZ_JAMLDX010000001.1 Sphingomonas tagetis strain MG17 contig1, whole genome shotgun sequence [58 total records]
GCA_016937575.1_genomic.fna	2	0	0	0	0	0	0	0	1	0	0	0	0	0	0	1	0	0	JAFHKN010000001.1 Roseomonas aeriglobus strain KER25-12 KER1, whole genome shotgun sequence [7 total records]
GCF_014396585.1_genomic.fna	2	0	0	0	0	0	0	0	0	0	0	0	2	0	0	0	0	0	NZ_CP060717.1 Sphingomonas rhizophila strain KACC 19189 chromosome, complete genome [1 total record]
GCF_034653295.1_genomic.fna	2	1	0	0	0	0	0	0	0	0	0	1	0	0	0	0	0	0	NZ_JAYEEU010000001.1 Erythrobacter sp. T5W1-R Contig1, whole genome shotgun sequence [27 total records]
GCF_001984035.1_genomic.fna	2	0	0	0	0	0	0	0	0	0	0	0	1	0	0	1	0	0	NZ_CP019449.1 Sphingopyxis sp. QXT-31 chromosome, complete genome [1 total record]
GCF_001295795.1_genomic.fna	3	0	0	0	0	0	0	0	0	0	0	0	1	0	0	1	1	0	NZ_LJHY01000001.1 Novosphingobium sp. AAP83 AAP83_Contigs_1, whole genome shotgun sequence [84 total records]
GCF_004343105.1_genomic.fna	5	0	0	0	0	0	0	0	1	0	0	0	2	1	0	1	0	0	NZ_SLYF01000001.1 Sphingomonas sp. PP-CC-3A-396 Ga0191673_101, whole genome shotgun sequence [32 total records]
GCF_019429525.1_genomic.fna	5	0	0	0	0	0	0	0	0	0	1	1	3	0	0	0	0	0	NZ_JAHXZL010000010.1 Sphingomonas folli strain RHCKR7 NODE_10_length_208970_cov_64.997448, whole genome shotgun sequence [19 total records]
GCF_001468285.1_genomic.fna	2	0	0	0	0	0	0	0	0	0	0	0	1	0	0	1	0	0	NZ_LNSB01000001.1 Sphingopyxis sp. HIX HIX_contig000001, whole genome shotgun sequence [88 total records]
GCF_033025475.1_genomic.fna	4	0	0	0	0	0	0	0	0	0	0	1	2	0	0	0	1	0	NZ_CP130322.1 Sphingomonas sp. C3-2 chromosome, complete genome [1 total record]
GCF_001687545.1_genomic.fna	3	0	0	0	0	0	0	0	0	0	0	0	2	0	0	1	0	0	NZ_CP016545.1 Paraurantiacibacter namhicola strain JCM 16345 chromosome, complete genome [1 total record]
GCF_030284385.1_genomic.fna	1	0	0	0	0	0	0	0	0	0	0	0	1	0	0	0	0	0	NZ_CP127221.1 Altererythrobacter rubellus strain NBRC 112769 chromosome, complete genome [1 total record]
GCF_013393185.1_genomic.fna	5	0	0	0	0	0	0	0	0	0	0	1	3	0	0	1	0	0	NZ_QJQX01000003.1 Sphingobium lactosutens strain xwAA3 230, whole genome shotgun sequence [76 total records]
GCF_016719755.1_genomic.fna	2	0	0	0	0	0	0	0	0	0	0	0	1	0	0	1	0	0	NZ_JADJYM010000001.1 MAG: Novosphingobium sp. isolate Lyne_18-Q3-R50-59_BATAC.36 tig00003214-10-1758080, whole genome shotgun sequence [16 total records]
GCF_036946125.1_genomic.fna	3	0	0	0	0	0	0	0	1	0	0	0	1	0	0	1	0	0	NZ_JAQIJT010000001.1 MAG: Sphingomonas adhaesiva isolate bin28 tig00005300, whole genome shotgun sequence [2 total records]
GCF_016743815.1_genomic.fna	3	0	0	0	0	0	0	0	0	0	0	0	2	0	0	1	0	0	NZ_CP061035.1 Sphingomonas aliaeris strain DH-S5 chromosome, complete genome [3 total records]
GCF_026013525.1_genomic.fna	4	0	0	0	0	0	0	0	0	0	0	0	2	1	0	1	0	0	NZ_JAPDRA010000001.1 Sphingomonas canadensis strain FWC47 FWC47_scaffold1, whole genome shotgun sequence [27 total records]
GCF_001519065.1_genomic.fna	4	0	0	0	0	0	0	0	0	0	0	0	2	0	0	1	1	0	NZ_KQ954251.1 Novosphingobium sp. FSW06-99 PRJNA299315_s001, whole genome shotgun sequence [30 total records]
GCF_002776575.1_genomic.fna	2	0	0	0	0	0	0	0	0	0	0	0	1	0	0	1	0	0	NZ_CP022548.1 Sphingorhabdus sp. YGSMI21 chromosome, complete genome [2 total records]
GCF_007830315.1_genomic.fna	1	0	0	0	0	0	0	0	0	0	0	0	0	0	0	1	0	0	NZ_VLKJ01000001.1 Novosphingobium taihuense strain CGMCC 1.3432 IQ25DRAFT_scaffold00001.1, whole genome shotgun sequence [32 total records]
GCF_022605525.1_genomic.fna	2	0	0	0	0	0	0	0	0	0	0	0	2	0	0	0	0	0	NZ_JAKQYJ010000001.1 Porphyrobacter sp. GA68 Erythrobacteraceae_bacterium_GA68_ctg001, whole genome shotgun sequence [10 total records]
GCF_000218875.1_genomic.fna	2	0	0	0	0	0	1	1	0	0	0	0	0	0	0	0	0	0	NC_015709.1 Zymomonas mobilis subsp. pomaceae ATCC 29192, complete sequence [3 total records]
GCF_023016005.1_genomic.fna	3	0	0	0	0	0	0	0	0	0	0	0	2	0	0	1	0	0	NZ_JALKAZ010000001.1 Erythrobacter sp. F6033 scaffold_1, whole genome shotgun sequence [2 total records]
GCA_035941735.1_genomic.fna	2	0	0	0	0	0	0	0	0	0	0	0	1	0	0	1	0	0	DASZDS010000001.1 MAG TPA_asm: Allosphingosinicella sp. isolate SMAG_U6474 k141_609115, whole genome shotgun sequence [61 total records]
GCF_003454795.1_genomic.fna	2	0	0	0	0	0	0	0	0	0	0	0	1	0	0	1	0	0	NZ_CP028347.1 Novosphingobium sp. THN1 chromosome, complete genome [2 total records]
GCF_000876675.2_genomic.fna	6	0	0	0	0	0	0	0	0	0	0	0	4	0	0	1	1	0	NZ_CP030352.1 Novosphingobium sp. P6W chromosome 1, complete sequence [4 total records]
GCF_028736195.1_genomic.fna	6	0	0	0	1	0	0	0	0	0	0	0	3	0	0	1	1	0	NZ_CP117881.1 Novosphingobium sp. KACC 22771 chromosome, complete genome [2 total records]
GCF_001661965.1_genomic.fna	4	0	0	0	0	0	0	0	0	0	0	0	2	1	0	0	1	0	NZ_LYWZ01000001.1 Croceicoccus mobilis strain Ery22 Ery22_C1, whole genome shotgun sequence [32 total records]
GCA_947499505.1_genomic.fna	2	0	0	0	0	0	0	0	0	0	0	0	1	0	0	1	0	0	CANMOQ010000001.1 uncultured Erythrobacter sp. isolate 3-903-J.fasta genome assembly, contig: NODE_1, whole genome shotgun sequence [7 total records]
GCF_019448255.1_genomic.fna	3	0	0	0	0	0	0	0	0	0	0	0	2	0	0	1	0	0	NZ_CP080410.1 Qipengyuania flava strain DP1N28-4 chromosome, complete genome [1 total record]
GCF_002312805.1_genomic.fna	3	0	0	0	1	0	0	0	0	0	0	0	0	1	0	1	0	0	NZ_NMUA01000099.1 Sphingobium sp. D43FB NODE_100_length_2546_cov_45.9045, whole genome shotgun sequence [147 total records]
GCF_920987055.1_genomic.fna	4	0	0	0	0	0	0	0	0	1	0	0	1	0	0	1	1	0	NZ_CAKLBX010000001.1 Novosphingobium sp. CECT 9465, whole genome shotgun sequence [6 total records]
GCF_037154155.1_genomic.fna	2	0	0	0	0	0	0	0	0	0	0	0	1	0	0	1	0	0	NZ_JBANRN010000001.1 Altererythrobacter lauratis strain Y-8 NODE_1_length_487026_cov_243.845756, whole genome shotgun sequence [32 total records]
GCF_001563285.1_genomic.fna	3	0	0	0	0	0	0	0	0	0	0	0	2	0	0	1	0	0	NZ_CP005188.1 Sphingobium sp. MI1205 chromosome 1, complete sequence [6 total records]
GCF_036663695.1_genomic.fna	3	0	0	0	0	0	0	0	0	0	0	0	2	0	0	1	0	0	NZ_JAXOJK010000001.1 Sphingomonas sp. PB2P12 Y675_1, whole genome shotgun sequence [17 total records]
GCF_035658495.1_genomic.fna	6	0	0	0	0	0	0	0	0	0	0	0	4	0	0	1	1	0	NZ_CP141944.1 Novosphingobium sp. RL4 chromosome, complete genome [2 total records]
GCF_040203355.1_genomic.fna	1	0	0	0	0	0	0	0	0	0	0	0	1	0	0	0	0	0	NZ_JBEHBW010000001.1 Sphingomonas sp. ASV193 Scaffold3, whole genome shotgun sequence [11 total records]
GCF_025938095.1_genomic.fna	2	0	0	0	0	0	0	0	0	0	0	1	1	0	0	0	0	0	NZ_JAPCZF010000001.1 Novosphingobium sp. JCM 18896 strain ALB-2 contig1, whole genome shotgun sequence [26 total records]
GCA_041396885.1_genomic.fna	2	0	0	0	0	0	0	0	0	0	0	0	1	0	0	1	0	0	JAWKXS010000001.1 MAG: Blastomonas sp. isolate BC1.5 BC1.5.fa-1, whole genome shotgun sequence [6 total records]
GCF_026107375.2_genomic.fna	4	0	0	0	0	0	0	0	0	0	0	0	2	1	0	1	0	0	NZ_JAPCIA010000001.1 Sphingomonas sp. BT-65 BT65_ctg001, whole genome shotgun sequence [5 total records]
GCF_034044895.1_genomic.fna	5	0	0	0	0	0	0	0	0	0	0	0	4	0	0	1	0	0	NZ_JAXCWU010000001.1 Sphingomonas sp. CFBP8993 CFBP8993_1, whole genome shotgun sequence [15 total records]
GCF_029637485.1_genomic.fna	2	0	0	0	0	0	0	0	0	0	0	0	2	0	0	0	0	0	NZ_CP069128.1 Sphingomonas sp. LHG3406-1 chromosome [1 total record]
GCF_003569745.1_genomic.fna	5	0	0	0	0	0	0	0	0	0	0	0	3	0	0	1	1	0	NZ_AP018498.1 Altererythrobacter sp. B11 chromosome, complete genome [1 total record]
GCF_014842075.1_genomic.fna	4	0	0	0	0	0	0	0	1	0	0	0	2	0	0	1	0	0	NZ_JACYVA010000001.1 Sphingomonas sp. CFBP 13720 strain CFBP13720 CFBP1372001, whole genome shotgun sequence [21 total records]
GCF_039538045.1_genomic.fna	2	0	0	0	0	0	0	0	0	0	0	0	2	0	0	0	0	0	NZ_BAABBQ010000001.1 Sphingomonas swuensis strain JCM 17563 sequence1, whole genome shotgun sequence [1 total record]
GCF_016464365.1_genomic.fna	3	0	0	0	0	0	0	0	0	0	0	0	2	1	0	0	0	0	NZ_JADCUC010000001.1 Sandaracinobacteroides hominis strain SZY PN-1 SZY_PN-1, whole genome shotgun sequence [19 total records]
GCF_022664395.1_genomic.fna	4	0	0	0	0	0	0	0	0	0	0	0	2	0	0	1	0	1	NZ_JAKRET010000001.1 Sphingomonas lacusdianchii strain JXJ CY 53 NODE_1, whole genome shotgun sequence [75 total records]
GCA_947501005.1_genomic.fna	2	0	0	0	0	0	0	0	0	0	0	0	2	0	0	0	0	0	CANMTU010000001.1 uncultured Erythrobacter sp. isolate 2B2-61-1.fasta genome assembly, contig: NODE_1, whole genome shotgun sequence [5 total records]
GCF_002080435.1_genomic.fna	5	0	0	0	0	0	0	0	0	0	0	0	2	1	0	1	1	0	NZ_CP020538.1 Sphingobium herbicidovorans strain MH chromosome, complete genome [5 total records]
GCF_000422985.1_genomic.fna	1	0	0	0	0	0	0	0	0	0	0	0	0	0	0	1	0	0	NZ_AUHC01000001.1 Erythrobacter cryptus DSM 12079 G524DRAFT_scaffold00001.1_C, whole genome shotgun sequence [34 total records]
GCF_001423765.1_genomic.fna	4	0	0	0	0	0	0	0	1	0	0	0	2	0	0	1	0	0	NZ_LMPG01000001.1 Sphingomonas sp. Leaf343 contig_1, whole genome shotgun sequence [17 total records]
GCF_025917005.1_genomic.fna	4	0	0	0	0	0	0	0	0	1	0	0	2	0	0	1	0	0	NZ_CP078091.1 Porphyrobacter sp. ULC335 chromosome, complete genome [1 total record]
GCA_016720115.1_genomic.fna	3	0	0	0	0	0	0	0	0	0	0	1	1	1	0	0	0	0	JADJXT010000001.1 MAG: Sphingomonadales bacterium isolate Lyne_18-Q3-R50-59_BAT3C.1 tig00320340-10-18168060, whole genome shotgun sequence [2 total records]
GCF_003050745.1_genomic.fna	2	0	0	0	0	0	0	0	1	0	0	0	0	0	0	1	0	0	NZ_QAOF01000001.1 Sphingomonas sp. PP-CE-3G-477 Ga0191675_101, whole genome shotgun sequence [31 total records]
GCF_023806085.1_genomic.fna	1	0	0	0	0	0	0	0	0	0	0	0	0	0	0	1	0	0	NZ_JAMSLX010000021.1 Hephaestia sp. MAHUQ-44 GCM70023244_1, whole genome shotgun sequence [39 total records]
GCF_006542605.1_genomic.fna	2	0	0	0	0	0	0	0	0	0	0	0	1	0	0	1	0	0	NZ_CP041222.1 Porphyrobacter sp. YT40 chromosome, complete genome [2 total records]
GCF_000711715.1_genomic.fna	1	0	0	0	0	0	0	0	0	0	0	0	1	0	0	0	0	0	NZ_JONN01000001.1 Sphingomonas astaxanthinifaciens DSM 22298 BS69DRAFT_scaffold00001.1_C, whole genome shotgun sequence [3 total records]
GCF_018205975.1_genomic.fna	3	0	0	0	0	0	0	0	0	0	0	0	2	0	0	1	0	0	NZ_CP073577.1 Erythrobacter sp. JK5 chromosome, complete genome [1 total record]
GCF_001427865.1_genomic.fna	4	0	0	0	0	0	0	0	0	0	0	0	2	1	0	1	0	0	NZ_LMHH01000001.1 Altererythrobacter sp. Root672 contig_1, whole genome shotgun sequence [5 total records]
GCF_000013005.1_genomic.fna	3	0	0	0	0	0	0	0	0	0	0	0	2	0	0	1	0	0	NC_007722.1 Erythrobacter litoralis HTCC2594, complete sequence [1 total record]
GCF_019429485.1_genomic.fna	3	0	0	0	0	0	0	0	0	0	0	1	2	0	0	0	0	0	NZ_JAHXZN010000010.1 Sphingomonas citri strain RRHST34 NODE_10_length_113280_cov_52.082119, whole genome shotgun sequence [27 total records]
GCF_002953135.1_genomic.fna	5	0	0	1	0	0	0	0	0	0	0	0	3	0	0	1	0	0	NZ_CP026372.1 Sphingobium sp. SCG-1 chromosome [2 total records]
GCF_001421535.1_genomic.fna	5	0	0	0	0	0	0	0	1	0	0	0	3	0	0	1	0	0	NZ_LMKN01000001.1 Sphingomonas sp. Leaf20 contig_1, whole genome shotgun sequence [15 total records]
GCF_014199625.1_genomic.fna	1	0	0	0	0	0	0	0	0	0	0	0	1	0	0	0	0	0	NZ_JACHNY010000001.1 Sphingomonas abaci strain DSM 15867 Ga0373314_01, whole genome shotgun sequence [42 total records]
GCF_003967075.1_genomic.fna	2	0	0	0	0	0	0	0	0	0	0	0	1	0	0	1	0	0	NZ_AP018664.1 Sphingobium amiense strain DSM 16289 chromosome, complete genome [7 total records]
GCA_027214145.1_genomic.fna	3	0	0	0	0	0	0	0	0	0	0	0	3	0	0	0	0	0	JAPWHG010000010.1 Sphingomonadaceae bacterium G21617-S1 NODE_10_length_182815_cov_102.412, whole genome shotgun sequence [81 total records]
GCF_031457495.1_genomic.fna	2	0	0	0	0	0	0	0	0	0	0	0	1	0	0	1	0	0	NZ_JAVDWM010000001.1 Sphingopyxis sp. BE259 Ga0454560_01, whole genome shotgun sequence [1 total record]
GCA_947500645.1_genomic.fna	4	0	0	0	0	0	0	0	0	0	0	0	3	0	0	1	0	0	CANMSD010000001.1 uncultured Erythrobacter sp. isolate 2-911.fasta genome assembly, contig: NODE_1, whole genome shotgun sequence [5 total records]
GCF_004795895.1_genomic.fna	3	0	0	0	0	0	0	0	0	0	0	0	2	0	0	1	0	0	NZ_CP039250.1 Sphingopyxis sp. PAMC25046 chromosome, complete genome [1 total record]
GCF_001468395.1_genomic.fna	3	0	0	0	0	0	0	0	0	0	0	0	2	0	0	1	0	0	NZ_LNSG01000001.1 Sphingopyxis sp. H073 H073_contig000001, whole genome shotgun sequence [25 total records]
GCF_020179475.1_genomic.fna	3	0	0	0	0	0	0	0	0	0	0	0	2	0	0	1	0	0	NZ_JAILXZ010000001.1 Novosphingobium huizhouense strain c7 NODE_1_length_1671128_cov_96.737564, whole genome shotgun sequence [9 total records]
GCA_947495985.1_genomic.fna	3	0	0	0	0	0	0	0	0	0	0	0	2	0	0	1	0	0	CANMBD010000001.1 uncultured Sphingomonadaceae bacterium isolate 4-32_2.fasta genome assembly, contig: NODE_1, whole genome shotgun sequence [33 total records]
GCF_034424525.1_genomic.fna	7	0	0	0	0	0	0	0	0	0	0	0	5	0	0	1	1	0	NZ_CP139979.1 Sphingobium yanoikuyae strain HAMBI_1842 chromosome, complete genome [7 total records]
GCF_007995095.1_genomic.fna	2	0	0	0	0	0	0	0	0	0	0	0	1	0	0	1	0	0	NZ_VOPY01000001.1 Sphingorhabdus soli strain D-2Q-5-6 NODE_1_length_1338471_cov_371.267, whole genome shotgun sequence [4 total records]
GCF_029590555.1_genomic.fna	5	0	0	0	0	0	0	0	0	0	0	0	2	1	0	0	1	1	NZ_CP081001.1 Sphingobium sp. V4 chromosome, complete genome [4 total records]
GCF_003171655.1_genomic.fna	3	0	0	0	0	0	0	0	0	0	1	0	1	0	0	1	0	0	NZ_QFZL01000010.1 Sphingosinithalassobacter portus strain FM6 Scaffold10_1, whole genome shotgun sequence [17 total records]
GCF_014196635.1_genomic.fna	2	0	0	0	0	0	0	0	0	1	0	1	0	0	0	0	0	0	NZ_JACIEB010000001.1 Sphingobium fontiphilum strain DSM 29348 Ga0373250_01, whole genome shotgun sequence [19 total records]
GCA_947488155.1_genomic.fna	3	0	0	0	0	0	0	0	0	0	0	0	2	0	0	1	0	0	CANKYK010000001.1 uncultured Erythrobacter sp. isolate 2-204.fasta genome assembly, contig: NODE_1, whole genome shotgun sequence [7 total records]
GCF_029870595.1_genomic.fna	3	0	0	0	0	0	0	0	0	0	1	0	1	0	0	1	0	0	NZ_JAPDIR010000010.1 Sphingomonas sp. CBMAI 2297 NODE_10_length_181095_cov_57.243074, whole genome shotgun sequence [31 total records]
GCF_000722875.1_genomic.fna	6	0	0	0	0	1	0	0	1	0	0	0	3	0	0	1	0	0	NZ_JFHR01000001.1 Sphingobium chlorophenolicum strain NBRC 16172 contig000001, whole genome shotgun sequence [121 total records]
GCA_018139225.1_genomic.fna	4	0	0	0	0	0	0	0	0	0	0	0	3	0	0	1	0	0	JAGSNX010000001.1 Microvirga sp. SRT01 NODE_1_length_1251994_cov_39.631807, whole genome shotgun sequence [9 total records]
GCF_041321155.1_genomic.fna	2	0	0	0	0	0	0	0	0	0	0	0	2	0	0	0	0	0	NZ_JBGGWB010000001.1 Sphingomonas sp. IW22 contig1, whole genome shotgun sequence [43 total records]
GCF_900110035.1_genomic.fna	3	0	0	0	0	0	0	0	0	0	0	0	2	0	0	1	0	0	NZ_FOCF01000020.1 Sphingomonas gellani strain S6-262, whole genome shotgun sequence [20 total records]
GCF_004799495.1_genomic.fna	2	0	0	0	0	0	0	0	0	0	0	0	1	0	0	1	0	0	NZ_SSMY01000001.1 MAG: Sphingomonas sp. isolate LY.26 1, whole genome shotgun sequence [14 total records]
GCF_011762125.1_genomic.fna	2	0	0	0	0	0	0	0	0	0	0	0	1	0	0	1	0	0	NZ_JAASQN010000001.1 Sphingopyxis panaciterrae strain DSM 27164 Ga0373342_01, whole genome shotgun sequence [11 total records]
GCF_001421715.1_genomic.fna	5	0	0	0	0	0	0	0	0	0	1	0	2	0	0	1	0	1	NZ_LMKP01000001.1 Sphingomonas sp. Leaf22 contig_1, whole genome shotgun sequence [45 total records]
GCF_001889025.1_genomic.fna	2	0	0	0	0	0	0	0	0	0	0	0	1	0	0	1	0	0	NZ_CP018154.1 Sphingorhabdus lutea strain LPB0140 chromosome, complete genome [1 total record]
GCF_018417475.1_genomic.fna	6	0	0	0	0	0	0	0	0	1	0	0	3	0	0	1	1	0	NZ_CP054856.1 Novosphingobium decolorationis strain 502str22 chromosome, complete genome [2 total records]
GCF_022664535.1_genomic.fna	9	0	0	0	0	1	0	0	1	1	1	0	3	0	0	1	1	0	NZ_JAKUJY010000001.1 Sphingobium sp. Sx8-8 1, whole genome shotgun sequence [68 total records]
GCF_900113255.1_genomic.fna	5	0	0	0	0	0	0	0	0	0	1	0	2	0	0	1	1	0	NZ_FOOR01000064.1 Novosphingobium sp. CF614, whole genome shotgun sequence [66 total records]
GCF_003970925.1_genomic.fna	3	0	0	0	0	0	0	0	0	0	0	0	3	0	0	0	0	0	NZ_RWJF01000001.1 Sphingomonas ginkgonis strain HMF7854 contig00001, whole genome shotgun sequence [2 total records]
GCF_001981525.1_genomic.fna	1	0	0	0	0	0	0	0	0	0	0	0	1	0	0	0	0	0	NZ_MPSB01000001.1 Sphingomonas jeddahensis strain G39 SPHI_contig000001, whole genome shotgun sequence [28 total records]
GCA_947488625.1_genomic.fna	4	0	0	0	0	0	0	0	0	0	0	0	2	1	0	1	0	0	CANKZR010000001.1 uncultured Sphingomonadaceae bacterium isolate 3-2009-L.fasta genome assembly, contig: NODE_1, whole genome shotgun sequence [10 total records]
GCF_900168325.1_genomic.fna	4	0	0	0	0	0	0	0	0	0	0	0	3	0	0	1	0	0	NZ_FVZE01000036.1 Novosphingobium mathurense strain SM117, whole genome shotgun sequence [37 total records]
GCF_000331285.1_genomic.fna	1	0	0	0	0	0	0	0	0	0	0	0	1	0	0	0	0	0	NZ_ANFX01000005.1 Porphyrobacter sp. AAP82 Contig5, whole genome shotgun sequence [46 total records]
GCF_003610805.1_genomic.fna	3	0	0	0	0	0	0	0	0	0	0	0	0	1	0	1	1	0	NZ_RAPF01000001.1 Altericroceibacterium spongiae strain HN-Y73 contig1, whole genome shotgun sequence [34 total records]
GCA_006438735.1_genomic.fna	4	0	0	0	0	0	0	0	0	0	0	0	2	0	0	1	1	0	RCZF01000001.1 Sphingomonas koreensis strain S11.1Y scaffold1.1, whole genome shotgun sequence [9 total records]
GCA_002083435.1_genomic.fna	3	0	0	0	0	0	0	0	0	0	0	0	2	0	0	1	0	0	LWDJ01000001.1 MAG: Proteobacteria bacterium SG_bin6 107, whole genome shotgun sequence [51 total records]
GCA_947504155.1_genomic.fna	2	0	0	0	0	0	0	0	0	0	0	0	2	0	0	0	0	0	CANNGF010000001.1 uncultured Erythrobacter sp. isolate 2B2-22.fasta genome assembly, contig: NODE_1, whole genome shotgun sequence [5 total records]
GCF_029543155.1_genomic.fna	4	0	0	0	0	0	0	0	0	1	1	0	1	0	0	1	0	0	NZ_JARQXA010000010.1 Sphingomonas sp. HITSZ_GF NODE_10_length_26991_cov_214.968381, whole genome shotgun sequence [13 total records]
GCF_014171475.1_genomic.fna	2	0	0	0	0	0	0	0	0	0	0	0	1	0	0	1	0	0	NZ_CP048817.1 Sphingomonas sp. So64.6b chromosome, complete genome [1 total record]
GCF_003609835.1_genomic.fna	2	0	0	0	0	0	0	0	0	0	0	0	1	0	0	1	0	0	NZ_AP017898.1 Sphingopyxis sp. FD7 chromosome, complete genome [2 total records]
GCF_023674425.1_genomic.fna	2	0	0	0	0	0	0	0	0	0	0	0	1	0	0	1	0	0	NZ_CP098401.1 Sphingomonas donggukensis strain RMG20 chromosome, complete genome [1 total record]
GCF_009720245.1_genomic.fna	0	0	0	0	0	0	0	0	0	0	0	0	0	0	0	0	0	0	NZ_WJSQ01000001.1 Sphingomonas segetis strain YJ09 1, whole genome shotgun sequence [297 total records]
GCF_009856825.1_genomic.fna	5	0	0	0	0	0	0	0	0	0	0	0	2	1	0	1	1	0	NZ_WVTD01000010.1 Novosphingobium silvae strain FGD1 NODE_10_length_165120_cov_35.064663, whole genome shotgun sequence [63 total records]
GCF_027912455.1_genomic.fna	3	0	0	0	0	0	0	0	0	0	0	0	2	0	0	1	0	0	NZ_CP115446.1 Aurantiacibacter sp. MUD61 chromosome, complete genome [1 total record]
GCF_021043375.1_genomic.fna	3	0	0	0	0	0	0	0	0	0	1	0	1	0	0	1	0	0	NZ_JAJNDV010000010.1 Sphingomonas sp. IC-56 NODE_10_length_132022_cov_68.493370, whole genome shotgun sequence [18 total records]
GCF_009827575.1_genomic.fna	2	0	0	0	0	0	0	0	0	0	0	0	1	0	0	1	0	0	NZ_WTYR01000001.1 Alteriqipengyuania halimionae strain LMG 29519 NODE_1_length_2797261, whole genome shotgun sequence [2 total records]
GCF_038148795.1_genomic.fna	1	0	0	0	0	0	0	0	0	0	0	0	1	0	0	0	0	0	NZ_JBAPEU010000001.1 Sphingomonas agri strain LMG 29563 NODE_1_length_1341431_cov_228.627709, whole genome shotgun sequence [4 total records]
GCF_018449795.1_genomic.fna	4	0	0	0	0	0	0	0	0	0	0	0	2	0	1	1	0	0	NZ_JAAVVE010000001.1 Sphingomonas sp. dw_22 1, whole genome shotgun sequence [95 total records]
GCF_001077815.2_genomic.fna	4	0	0	0	0	0	0	0	0	1	0	0	2	0	0	1	0	0	NZ_CP011310.1 Aurantiacibacter atlanticus strain s21-N3 chromosome, complete genome [2 total records]
GCF_000412635.1_genomic.fna	6	0	0	0	0	0	0	0	0	1	1	0	3	0	0	1	0	0	NZ_ASTG01000001.1 Sphingobium bisphenolivorans strain YL23 contig001, whole genome shotgun sequence [56 total records]
GCF_945882885.1_genomic.fna	0	0	0	0	0	0	0	0	0	0	0	0	0	0	0	0	0	0	NZ_CAMCWT010000001.1 MAG: Sandarakinorhabdus limnophila DSM 17366 isolate MH-21oct19-140 MH-21oct19-C223, whole genome shotgun sequence [121 total records]
GCF_026013415.1_genomic.fna	4	0	0	0	0	0	0	0	0	0	1	0	2	0	0	1	0	0	NZ_JAPDOK010000001.1 Sphingomonas caeni strain LB-2 LB-2_scaffold1, whole genome shotgun sequence [21 total records]
GCF_021431965.1_genomic.fna	3	0	0	0	0	0	0	0	0	0	0	0	2	0	0	1	0	0	NZ_CP090370.1 Erythrobacter sp. SDW2 chromosome, complete genome [1 total record]
GCF_001625325.1_genomic.fna	2	0	0	0	0	0	0	0	0	0	0	0	1	0	0	1	0	0	NZ_JRQQ01000001.1 Croceicoccus estronivorus strain MH-B5 contig1, whole genome shotgun sequence [22 total records]
GCF_002151445.1_genomic.fna	3	0	0	0	0	0	0	0	0	0	0	0	3	0	0	0	0	0	NZ_CP016306.1 Sphingomonas sp. KC8 chromosome, complete genome [1 total record]
GCF_014199295.1_genomic.fna	2	0	0	0	0	0	0	0	0	0	0	0	1	0	0	1	0	0	NZ_JACIJH010000001.1 Sphingopyxis panaciterrulae strain DSM 27163 Ga0373341_01, whole genome shotgun sequence [35 total records]
GCF_022664465.1_genomic.fna	3	0	0	0	0	0	0	0	0	0	0	0	2	0	0	1	0	0	NZ_JAKREV010000001.1 Sphingomonas hankookensis strain KCTC 22579 NODE_1, whole genome shotgun sequence [34 total records]
GCA_947497085.1_genomic.fna	1	0	0	0	0	0	0	0	0	0	0	0	1	0	0	0	0	0	CANMFE010000001.1 uncultured Sphingomonadaceae bacterium isolate 4-2062.fasta genome assembly, contig: NODE_1, whole genome shotgun sequence [4 total records]
GCA_040080745.1_genomic.fna	1	0	0	0	0	0	0	0	0	0	0	0	1	0	0	0	0	0	JBEBHS010000005.1 MAG: Sphingopyxis sp. isolate SF1_2_4 NODE_109_length_117539_cov_31.542021, whole genome shotgun sequence [78 total records]
GCF_002117915.1_genomic.fna	4	0	0	0	0	0	0	0	0	0	0	0	2	1	0	1	0	0	NZ_BDJB01000001.1 Sphingomonas sp. TZW2008, whole genome shotgun sequence [24 total records]
GCF_001046635.1_genomic.fna	6	0	0	0	0	0	0	0	0	0	0	0	4	0	0	1	1	0	NZ_KQ130452.1 Novosphingobium barchaimii LL02 25411_scaffold_01, whole genome shotgun sequence [19 total records]
GCF_900078365.1_genomic.fna	3	0	0	0	0	0	0	0	0	0	0	0	2	0	0	1	0	0	NZ_LT598653.1 Uncultured Sphingopyxis sp. isolate UC10 chromosome SPPYR, complete sequence [1 total record]
GCF_900177405.1_genomic.fna	2	0	0	0	0	0	0	0	0	0	0	0	1	0	0	1	0	0	NZ_LT840185.1 Allosphingosinicella indica strain Dd16 chromosome I [1 total record]
GCA_947494705.1_genomic.fna	2	0	0	0	0	0	0	0	0	0	0	0	1	0	0	1	0	0	CANLVN010000001.1 uncultured Erythrobacter sp. isolate 2-602-J.fasta genome assembly, contig: NODE_1, whole genome shotgun sequence [9 total records]
GCF_019740335.1_genomic.fna	2	0	0	0	0	0	0	0	0	0	0	0	1	0	0	1	0	0	NZ_JAHXZS010000010.1 Aquisediminimonas sediminicola strain CH68-4 NODE_10_length_12621_cov_66.597167, whole genome shotgun sequence [13 total records]
GCF_014230305.1_genomic.fna	1	0	0	0	0	0	0	0	0	0	0	0	0	0	0	1	0	0	NZ_JACLAU010000100.1 Novosphingobium aerophilum strain 4Y4 NODE_100_length_1488_cov_69.221896, whole genome shotgun sequence [119 total records]
GCF_004681125.1_genomic.fna	3	0	1	0	0	0	0	0	0	0	0	0	1	1	0	0	0	0	NZ_SIHO01000001.1 Polymorphobacter arshaanensis strain DJ1R-1 Scaffold1, whole genome shotgun sequence [10 total records]
GCF_001441535.1_genomic.fna	4	0	0	0	0	0	0	0	0	0	0	0	2	1	0	1	0	0	NZ_LMAU01000001.1 Tsuneonella troitsensis strain JCM 17037 JCM17037_1, whole genome shotgun sequence [9 total records]
GCF_009828105.1_genomic.fna	3	0	0	0	0	0	0	0	0	0	0	0	1	1	0	1	0	0	NZ_WTYQ01000010.1 Altericroceibacterium indicum strain DSM 18604 NODE_10_length_5800, whole genome shotgun sequence [20 total records]
GCA_027533455.1_genomic.fna	0	0	0	0	0	0	0	0	0	0	0	0	0	0	0	0	0	0	JAPZUC010000014.1 MAG: Porphyrobacter sp. isolate LE19-388.1B c_000000000918, whole genome shotgun sequence [17 total records]
GCA_000503195.1_genomic.fna	1	0	0	0	0	0	0	0	0	1	0	0	0	0	0	0	0	0	AYSC01000001.1 MAG: Blastomonas sp. CACIA14H2 contig00004, whole genome shotgun sequence [72 total records]
GCF_020179425.1_genomic.fna	4	0	0	0	0	0	0	0	0	0	0	0	3	0	0	1	0	0	NZ_JAILYM010000010.1 Novosphingobium percolationis strain c1 NODE_10_length_97344_cov_67.932306_10, whole genome shotgun sequence [25 total records]
GCF_014199255.1_genomic.fna	5	0	0	0	0	0	0	0	0	0	0	0	3	1	0	1	0	0	NZ_JACIJF010000001.1 Sphingomonas xinjiangensis strain DSM 26736 Ga0373338_01, whole genome shotgun sequence [64 total records]
GCF_032852305.1_genomic.fna	2	0	0	0	0	0	0	0	0	0	0	0	1	0	0	1	0	0	NZ_CP136594.1 Parasphingorhabdus sp. SCSIO 66989 chromosome, complete genome [2 total records]
GCF_014652615.1_genomic.fna	1	0	0	0	0	0	0	0	0	0	0	0	0	0	0	1	0	0	NZ_BMZD01000001.1 Novosphingobium arvoryzae strain KCTC 32422 sequence01, whole genome shotgun sequence [22 total records]
GCF_004792695.1_genomic.fna	4	0	0	0	0	0	0	0	0	0	1	0	2	0	0	1	0	0	NZ_SRXU01000010.1 Sphingomonas naasensis strain KIS18-15 NODE_10_length_117888_cov_53.205321, whole genome shotgun sequence [19 total records]
GCF_002288825.1_genomic.fna	3	0	0	0	0	0	0	0	0	0	0	0	2	0	0	1	0	0	NZ_NSLI01000001.1 Sphingomonas lenta strain 1PNM-20 contig1, whole genome shotgun sequence [10 total records]
GCF_014207235.1_genomic.fna	3	0	0	0	0	0	0	0	0	0	0	0	2	0	0	1	0	0	NZ_JACHDA010000001.1 Sphingopyxis sp. JAI128 Ga0401629_01, whole genome shotgun sequence [15 total records]
GCF_013344685.1_genomic.fna	2	0	0	0	0	0	0	0	0	0	0	0	1	0	0	1	0	0	NZ_CP050137.1 Sphingomonas sp. CL5.1 chromosome, complete genome [2 total records]
GCF_013260645.1_genomic.fna	1	0	0	0	0	0	0	0	0	0	0	0	1	0	0	0	0	0	NZ_CP053921.1 Erythrobacter mangrovi strain EB310 chromosome, complete genome [1 total record]
GCA_024236175.1_genomic.fna	1	0	0	0	0	0	0	0	0	0	0	0	0	0	0	1	0	0	JACKKY010000001.1 MAG: Novosphingobium sp. isolate HK-STAS-PROT-77 HK-STAS-PROT-77_1, whole genome shotgun sequence [7 total records]
GCF_014203955.1_genomic.fna	3	0	0	0	0	0	0	0	0	0	0	0	2	0	0	1	0	0	NZ_JACHKA010000001.1 Sphingobium lignivorans strain B1D3A Ga0417167_01, whole genome shotgun sequence [1 total record]
GCA_947504025.1_genomic.fna	3	0	0	0	0	0	0	0	0	0	0	0	2	0	0	1	0	0	CANNFX010000001.1 uncultured Sphingomonadaceae bacterium isolate YR2-318.fasta genome assembly, contig: NODE_1, whole genome shotgun sequence [6 total records]
GCF_000739895.2_genomic.fna	5	0	0	0	0	0	0	0	1	0	0	0	3	0	0	1	0	0	NZ_BBJS01000081.2 Sphingomonas paucimobilis NBRC 13935, whole genome shotgun sequence [79 total records]
GCA_025698865.1_genomic.fna	3	0	0	0	0	0	0	0	0	0	0	0	2	0	0	1	0	0	JAILWQ010000001.1 MAG: Erythrobacter sp. isolate ECS31B5 ECS31B5_1, whole genome shotgun sequence [38 total records]
GCA_041877245.1_genomic.fna	3	0	0	0	0	0	0	0	0	1	0	0	1	0	0	1	0	0	JBHDJI010000001.1 Sphingobium sp. sgz301304 L176_scaffold1, whole genome shotgun sequence [35 total records]
GCF_004345855.1_genomic.fna	3	0	0	0	0	0	0	0	0	0	0	1	2	0	0	0	0	0	NZ_SLXN01000001.1 Sphingomonas sp. BK235 Ga0307674_101, whole genome shotgun sequence [24 total records]
GCF_011927725.1_genomic.fna	2	0	0	0	0	0	0	0	0	0	0	0	2	0	0	0	0	0	NZ_JAATJC010000001.1 Sphingomonas kaistensis strain DSM 16846 Ga0373220_01, whole genome shotgun sequence [1 total record]
GCF_040049155.1_genomic.fna	4	0	0	0	0	0	0	0	1	0	0	0	1	0	0	1	1	0	NZ_JBDZDK010000001.1 Sphingomonas sp. VNH70 contig1, whole genome shotgun sequence [85 total records]
GCF_001661675.2_genomic.fna	3	0	0	0	0	0	0	0	0	0	0	0	2	0	0	0	1	0	NZ_CP019602.1 Croceicoccus marinus strain E4A9 chromosome, complete genome [3 total records]
GCF_039652585.1_genomic.fna	3	0	0	0	0	0	0	0	0	0	0	0	2	0	0	1	0	0	NZ_JBDIZK010000001.1 Sphingomonas sp. HF-S3 contig1, whole genome shotgun sequence [27 total records]
GCF_001591025.1_genomic.fna	3	0	0	0	0	0	0	0	0	0	1	0	1	0	0	1	0	0	NZ_BCTZ01000001.1 Sphingomonas soli NBRC 100801, whole genome shotgun sequence [34 total records]
GCF_027920805.1_genomic.fna	3	0	0	0	0	0	0	0	0	0	1	0	0	1	0	0	0	1	NZ_JANWOI010000001.1 Govania unica strain LMG 31809 contig00001, whole genome shotgun sequence [9 total records]
GCF_025340265.1_genomic.fna	4	0	0	0	0	0	0	0	0	0	0	0	2	0	0	1	1	0	NZ_CP022707.1 Novosphingobium sp. 9 chromosome 1, complete sequence [2 total records]
GCF_001757355.1_genomic.fna	3	0	0	0	0	0	0	0	0	0	0	0	1	1	0	1	0	0	NZ_MINO01000001.1 Sphingobium phenoxybenzoativorans strain SC_3 contig00001, whole genome shotgun sequence [189 total records]
GCF_019880585.1_genomic.fna	3	0	0	0	0	0	0	0	0	0	0	0	1	0	0	1	1	0	NZ_JAINVV010000015.1 Sphingomonas colocasiae strain JCM 31229 Scaffold10_1, whole genome shotgun sequence [23 total records]
GCF_015475875.1_genomic.fna	3	0	0	0	0	0	0	0	0	0	0	0	2	0	0	1	0	0	NZ_JADKYM010000001.1 Sphingopyxis solisilvae strain R366 NODE_1, whole genome shotgun sequence [49 total records]
GCF_008579165.1_genomic.fna	2	0	0	0	0	0	0	0	0	0	0	0	1	1	0	0	0	0	NZ_BKCN01000001.1 Iodidimonas nitroreducens strain Q-1 sequence01, whole genome shotgun sequence [51 total records]
GCF_026586795.1_genomic.fna	0	0	0	0	0	0	0	0	0	0	0	0	0	0	0	0	0	0	NZ_JAPFGY010000010.1 Erythrobacter sp. WG NODE_10_length_103216_cov_76.716906, whole genome shotgun sequence [58 total records]
GCF_004151485.1_genomic.fna	3	0	0	0	0	0	0	0	0	0	0	0	2	0	0	1	0	0	NZ_SBFF01000001.1 Sphingosinicella sp. CPCC 101087 Scaffold1, whole genome shotgun sequence [35 total records]
GCF_014595975.1_genomic.fna	2	0	0	0	0	0	0	0	0	0	0	0	1	0	0	1	0	0	NZ_JABWGQ010000042.1 Sphingopyxis sp. LK2115 1009, whole genome shotgun sequence [61 total records]
GCF_900108295.1_genomic.fna	5	0	0	0	0	0	0	0	0	0	1	0	3	0	0	1	0	0	NZ_FNWK01000005.1 Sphingopyxis sp. YR583, whole genome shotgun sequence [5 total records]
GCF_016019885.1_genomic.fna	3	0	0	0	0	0	0	0	0	0	0	0	1	1	0	1	0	0	NZ_JAEANY010000001.1 Aurantiacibacter sediminis strain JGD-13 NODE_1_length_1080203_cov_40.937514, whole genome shotgun sequence [4 total records]
GCF_009827335.1_genomic.fna	3	0	0	0	0	0	0	0	0	0	0	0	2	0	0	1	0	0	NZ_WTYH01000001.1 Aurantiacibacter arachoides strain RC4-10-4 NODE_1_length_2941591, whole genome shotgun sequence [1 total record]
GCF_020985305.1_genomic.fna	2	0	0	0	0	0	0	0	0	0	0	0	2	0	0	0	0	0	NZ_CP087588.1 Croceicoccus sp. Ery15 chromosome, complete genome [1 total record]
GCF_025548555.1_genomic.fna	2	0	0	0	0	0	0	0	1	0	1	0	0	0	0	0	0	0	NZ_JAJLPA010000001.1 Sphingomonas sp. A2-49 1, whole genome shotgun sequence [51 total records]
GCF_014217605.1_genomic.fna	2	0	0	0	0	0	0	0	0	0	0	0	1	0	0	1	0	0	NZ_CP043639.1 Sphingomonas sp. NBWT7 chromosome, complete genome [2 total records]
GCF_019264355.1_genomic.fna	1	0	0	0	0	0	0	0	0	0	0	0	1	0	0	0	0	0	NZ_JAHVAH010000001.1 Sphingomicrobium clamense strain B8 contig1, whole genome shotgun sequence [1 total record]
GCF_019711355.1_genomic.fna	4	0	0	0	0	0	0	0	0	0	0	0	3	0	0	1	0	0	NZ_CP081297.1 Qipengyuania psychrotolerans strain 1XM2-8 chromosome [1 total record]
GCF_014197105.1_genomic.fna	2	0	0	0	0	0	0	0	0	0	0	0	2	0	0	0	0	0	NZ_JACIEV010000001.1 Sphingomonas jinjuensis strain YC6723 Ga0373323_01, whole genome shotgun sequence [33 total records]
GCF_011762005.1_genomic.fna	2	0	0	0	0	0	0	0	0	0	0	0	1	0	0	1	0	0	NZ_JAASQU010000001.1 Qipengyuania flava strain DSM 16421 Ga0373315_01, whole genome shotgun sequence [5 total records]
GCF_000186705.1_genomic.fna	2	0	0	0	0	0	0	0	0	0	0	0	1	0	0	1	0	0	NZ_AEUE01000026.1 Citromicrobium sp. JLT1363 contig00026, whole genome shotgun sequence [14 total records]
GCF_035998905.1_genomic.fna	2	0	0	0	0	0	0	0	0	0	0	0	1	0	0	1	0	0	NZ_DASYHG010000001.1 MAG: Sphingopyxis sp. isolate SMAG_U4234 k141_10447, whole genome shotgun sequence [30 total records]
GCA_002375465.1_genomic.fna	2	0	0	0	0	0	0	0	0	0	1	0	0	0	0	1	0	0	DFLT01000014.1 MAG TPA_asm: Alphaproteobacteria bacterium UBA3612 UBA3612_contig_106, whole genome shotgun sequence [19 total records]
GCF_003391115.1_genomic.fna	3	0	0	0	0	0	0	0	0	0	0	0	3	0	0	0	0	0	NZ_QTJP01000001.1 Sphingomonas crusticola strain MIMD3 contig1, whole genome shotgun sequence [2 total records]
GCF_011762195.1_genomic.fna	5	0	0	0	0	0	0	0	0	0	0	0	4	0	0	1	0	0	NZ_JAASQK010000001.1 Sphingomonas oligoaromativorans strain DSM 102246 Ga0373361_01, whole genome shotgun sequence [27 total records]
GCF_000715015.1_genomic.fna	2	0	0	0	0	0	0	0	0	0	0	0	1	0	0	1	0	0	NZ_JMIW01000001.1 Erythrobacter longus strain DSM 6997 contig1, whole genome shotgun sequence [14 total records]
GCF_000807925.1_genomic.fna	2	0	0	0	0	0	0	0	0	0	0	0	1	0	0	1	0	0	NZ_JRVC01000001.1 Novosphingobium subterraneum strain DSM 12447 NJ75_contig000001, whole genome shotgun sequence [52 total records]
GCF_019711655.1_genomic.fna	2	0	0	0	0	0	0	0	0	0	0	0	1	0	0	1	0	0	NZ_JAIGNU010000001.1 Qipengyuania mesophila strain YG27 NODE_1_length_1905267_cov_201.167540, whole genome shotgun sequence [8 total records]
GCF_007833215.1_genomic.fna	3	0	0	0	0	0	0	0	0	0	0	0	1	1	0	1	0	0	NZ_CP042239.1 Sphingomonas suaedae strain XS-10 chromosome, complete genome [1 total record]
GCF_001677335.1_genomic.fna	2	0	0	0	0	0	0	0	0	0	0	0	1	0	0	1	0	0	NZ_LZYB01000001.1 Erythrobacter dokdonensis DSW-74 DSW74_contig01, whole genome shotgun sequence [10 total records]
GCF_014196525.1_genomic.fna	4	0	0	0	0	0	0	0	0	1	0	0	1	0	0	1	1	0	NZ_JACIDX010000001.1 Novosphingobium sediminicola strain DSM 27057 Ga0373243_01, whole genome shotgun sequence [55 total records]
GCF_918741285.1_genomic.fna	8	0	0	1	0	0	0	0	1	0	0	0	5	0	0	1	0	0	NZ_CAKKNC010000001.1 Sphingobium sp. CECT 9361 isolate UB33; 170512 A1D 47, whole genome shotgun sequence [73 total records]
GCF_036663835.1_genomic.fna	3	0	0	0	0	0	0	0	0	0	0	0	1	1	0	1	0	0	NZ_JAXOJT010000001.1 Sphingomonas sp. LT1P40 Y650_1, whole genome shotgun sequence [2 total records]
GCF_016745095.1_genomic.fna	1	0	0	0	0	0	0	0	0	0	0	0	1	0	0	0	0	0	NZ_CP067087.1 Croceicoccus sp. YJ47 chromosome, complete genome [1 total record]
GCF_000264945.2_genomic.fna	8	0	0	0	0	1	0	0	1	1	1	0	2	0	0	1	1	0	NZ_CP013070.1 Sphingobium indicum B90A chromosome, complete genome [4 total records]
GCF_004795835.1_genomic.fna	3	0	0	0	0	0	0	0	0	0	0	0	1	0	0	1	0	1	NZ_CP039249.1 Sphingomonas sp. PAMC26645 chromosome, complete genome [1 total record]
GCF_023015615.1_genomic.fna	2	0	0	0	0	0	0	0	0	0	0	0	1	0	0	1	0	0	NZ_JALKAJ010000005.1 Qipengyuania sp. S6317L1 scaffold, whole genome shotgun sequence [5 total records]
GCF_014280435.1_genomic.fna	4	0	0	0	0	0	0	0	1	1	0	0	1	0	0	1	0	0	NZ_CP060388.1 Sphingobium sp. KCTC 72723 chromosome, complete genome [2 total records]
GCF_019711635.1_genomic.fna	1	0	0	0	0	0	0	0	0	0	0	0	1	0	0	0	0	0	NZ_JAIGNT010000010.1 Qipengyuania huizhouensis strain YG19 NODE_10_length_96399_cov_277.580320, whole genome shotgun sequence [27 total records]
GCA_964202995.1_genomic.fna	1	0	0	0	0	0	0	0	0	0	0	0	1	0	0	0	0	0	CAXNKR010000001.1 MAG: Alphaproteobacteria bacterium isolate MsE-30jul19-LR-27 genome assembly, contig: MsE-30jul19-LR-C6, whole genome shotgun sequence [6 total records]
GCF_039536765.1_genomic.fna	3	0	0	0	0	0	0	0	0	0	0	0	2	0	0	1	0	0	NZ_BAAAZF010000001.1 Parerythrobacter jejuensis strain JCM 16677 sequence1, whole genome shotgun sequence [1 total record]
GCF_032911445.1_genomic.fna	4	0	0	0	0	0	0	0	0	0	1	0	2	0	0	1	0	0	NZ_JAWJEJ010000001.1 Sphingomonas sp. HF-S4 contig1, whole genome shotgun sequence [3 total records]
GCF_019857205.1_genomic.fna	3	0	0	0	0	0	0	0	0	0	0	0	2	0	0	1	0	0	NZ_JAHWXO010000001.1 Qipengyuania pacifica strain NZ-96 1, whole genome shotgun sequence [44 total records]
GCF_900109205.1_genomic.fna	6	0	0	0	0	0	0	0	0	1	0	0	4	0	0	1	0	0	NZ_FNZB01000035.1 Sphingomonas sp. OV641, whole genome shotgun sequence [35 total records]
GCA_026625625.1_genomic.fna	2	0	0	0	0	0	0	0	0	1	0	0	1	0	0	0	0	0	CP113055.1 Blastomonas sp. SL216 chromosome [1 total record]
GCF_002813245.1_genomic.fna	2	0	0	0	0	0	0	0	0	0	0	0	1	0	0	1	0	0	NZ_PHUF01000002.1 Novosphingobium kunmingense strain CGMCC 1.12274 Ga0171596_101, whole genome shotgun sequence [10 total records]
GCF_014196745.1_genomic.fna	4	0	0	0	0	0	0	0	0	0	1	0	2	0	0	1	0	0	NZ_JACIEH010000001.1 Sphingomonas kyeonggiensis strain DSM 101806 Ga0373265_01, whole genome shotgun sequence [8 total records]
GCF_004135625.1_genomic.fna	2	0	0	0	0	0	0	0	0	0	0	0	1	0	0	1	0	0	NZ_SDPV01000001.1 Pelagerythrobacter rhizovicinus strain AY-3R NODE_1_length_1680395_cov_87.018095, whole genome shotgun sequence [3 total records]
GCF_031456015.1_genomic.fna	2	0	0	0	0	0	0	0	0	0	0	0	1	0	0	1	0	0	NZ_JAVDTW010000001.1 Sphingomonas sp. BE123 Ga0454517_01, whole genome shotgun sequence [3 total records]
GCF_902506605.1_genomic.fna	3	0	0	0	0	0	0	0	0	0	0	0	2	0	0	1	0	0	NZ_LR733979.1 Sphingomonas sp. AX6 isolate Sphingomonas sp. AX6, whole genome shotgun sequence [1 total record]
GCF_001598815.1_genomic.fna	2	0	0	0	0	0	0	0	0	0	0	0	0	1	0	1	0	0	NZ_BCZQ01000001.1 Sphingopyxis terrae subsp. terrae NBRC 15098, whole genome shotgun sequence [59 total records]
GCF_036700095.1_genomic.fna	2	0	0	0	0	0	0	0	0	0	0	0	1	0	0	1	0	0	NZ_CP144918.1 Pelagerythrobacter marensis strain kcgeb_sd chromosome, complete genome [2 total records]
GCA_019739335.1_genomic.fna	3	0	0	0	0	0	0	0	0	0	0	0	2	0	0	1	0	0	CP073261.1 MAG: Erythrobacter sp. isolate LANL01A chromosome, complete genome [1 total record]
GCF_001008165.2_genomic.fna	3	0	0	0	0	0	0	0	0	0	0	0	2	0	0	1	0	0	NZ_CP011452.2 Croceibacterium atlanticum strain 26DY36 chromosome, complete genome [2 total records]
GCF_010450875.1_genomic.fna	3	0	0	0	0	0	0	0	0	0	0	0	2	0	0	1	0	0	NZ_CP048422.1 Sphingomonas insulae strain KCTC 12872 chromosome, complete genome [5 total records]
GCF_900113315.1_genomic.fna	4	0	0	0	0	0	0	0	0	0	0	0	3	0	0	1	0	0	NZ_FOZG01000006.1 Sphingomonas jatrophae strain S5-249, whole genome shotgun sequence [6 total records]
GCF_003550065.1_genomic.fna	1	0	0	0	0	0	0	0	0	0	0	0	0	0	0	1	0	0	NZ_QXDC01000002.1 Hephaestia caeni strain DSM 25527 Ga0244559_101, whole genome shotgun sequence [10 total records]
GCA_036946415.1_genomic.fna	2	0	0	0	0	0	0	0	0	0	0	0	1	0	0	0	1	0	JAQIJD010000001.1 MAG: Sphingomonas fennica isolate bin11 tig00000265, whole genome shotgun sequence [23 total records]
GCF_029433115.1_genomic.fna	2	0	0	0	0	0	0	0	0	0	0	0	2	0	0	0	0	0	NZ_JARNTV010000001.1 Sphingomonas sp. AOB5 spades_K_21_77_1, whole genome shotgun sequence [137 total records]
GCF_030140925.1_genomic.fna	4	0	0	0	0	0	0	0	0	1	0	0	2	0	0	1	0	0	NZ_JARBWD010000001.1 Parerythrobacter aestuarii strain C18 NODE_1_length_2680612_cov_324.386901, whole genome shotgun sequence [3 total records]
GCF_013336795.1_genomic.fna	3	0	0	0	0	0	0	0	0	0	0	0	2	0	0	1	0	0	NZ_JAAFZT010000010.1 Alteripontixanthobacter muriae strain SALINAS58 NODE_10_length_7619_cov_22.846830, whole genome shotgun sequence [37 total records]
GCF_013416555.1_genomic.fna	3	0	0	0	0	0	0	0	0	0	1	0	1	0	0	1	0	0	NZ_JACCFG010000001.1 Sphingomonas sp. R-74633 NODE_1_length_1303056_cov_16.314666, whole genome shotgun sequence [8 total records]
GCF_001557115.1_genomic.fna	2	0	0	0	0	0	0	0	0	0	0	0	1	0	0	1	0	0	NZ_LSKQ01000001.1 Erythrobacter sp. CCH5-A1 CCH5-A1_contig1, whole genome shotgun sequence [236 total records]
GCF_027625475.1_genomic.fna	2	0	0	0	0	0	0	0	0	0	0	0	1	0	0	1	0	0	NZ_CP115174.1 Sphingomonas abietis strain PAMB 00755 chromosome, complete genome [1 total record]
GCF_001713415.1_genomic.fna	3	0	0	0	0	0	0	0	0	1	0	0	0	1	0	1	0	0	NZ_CP016456.1 Sphingobium sp. RAC03 chromosome, complete genome [5 total records]
GCF_040547625.1_genomic.fna	3	0	0	0	0	0	0	0	0	0	0	0	1	1	0	1	0	0	NZ_JBEPQB010000001.1 Porphyrobacter sp. MBR-155 Ga0505400_01, whole genome shotgun sequence [22 total records]
GCF_027941835.1_genomic.fna	2	0	0	0	0	0	0	0	0	0	0	0	0	1	0	1	0	0	NZ_CP116005.1 Sphingosinicella microcystinivorans strain DMF-3 chromosome, complete genome [1 total record]
GCA_021794525.1_genomic.fna	0	0	0	0	0	0	0	0	0	0	0	0	0	0	0	0	0	0	JAJYQP010000032.1 MAG: Proteobacteria bacterium isolate DS4.bin38 NODE_1018_length_37007_cov_2.787880, whole genome shotgun sequence [112 total records]
GCF_014643515.1_genomic.fna	3	0	0	0	0	0	0	0	0	0	0	0	2	0	0	1	0	0	NZ_BMJP01000001.1 Sphingomonas prati strain CGMCC 1.15645 sequence01, whole genome shotgun sequence [22 total records]
GCF_001590965.1_genomic.fna	4	0	0	0	0	0	0	0	0	0	0	0	2	1	0	1	0	0	NZ_BCTW01000001.1 Novosphingobium lentum NBRC 107847, whole genome shotgun sequence [49 total records]
GCF_001698205.1_genomic.fna	3	0	0	0	0	0	0	0	0	0	0	0	2	0	0	1	0	0	NZ_CP016591.1 Tsuneonella dongtanensis strain KCTC 22672 chromosome, complete genome [1 total record]
GCA_001650955.1_genomic.fna	2	0	0	0	0	0	0	0	0	0	0	0	1	0	0	1	0	0	LXYP01000001.1 Sphingomonadales bacterium EhC05 A9_Contig1, whole genome shotgun sequence [77 total records]
GCF_005502465.1_genomic.fna	2	0	0	0	0	0	0	0	0	0	0	1	1	0	0	0	0	0	NZ_SCOT01000010.1 Sphingopyxis sp. L1A2A NODE_10_length_108804_cov_26.506537, whole genome shotgun sequence [71 total records]
GCF_036365825.1_genomic.fna	2	0	0	0	0	0	0	0	0	0	0	0	1	0	0	1	0	0	NZ_CP142675.1 Qipengyuania sp. HL-TH1 chromosome, complete genome [2 total records]
GCF_007954425.1_genomic.fna	3	0	0	0	0	0	0	0	0	0	0	0	2	0	0	1	0	0	NZ_CP042345.1 Novosphingobium ginsenosidimutans strain FW-6 chromosome, complete genome [1 total record]
GCF_003344885.1_genomic.fna	3	0	0	0	0	0	0	0	0	0	0	0	2	0	0	1	0	0	NZ_CP031155.1 Altererythrobacter sp. ZODW24 chromosome [1 total record]
GCF_000331245.1_genomic.fna	2	0	0	0	0	0	0	0	0	1	0	0	1	0	0	0	0	0	NZ_ANFZ01000002.1 Blastomonas sp. AAP53 Contig2, whole genome shotgun sequence [26 total records]
GCF_003626915.1_genomic.fna	3	0	0	0	0	0	0	0	0	0	0	0	2	0	0	1	0	0	NZ_CP032570.1 Tsuneonella amylolytica strain NS1 chromosome [1 total record]
GCF_025370105.1_genomic.fna	3	0	0	0	0	0	0	0	0	0	0	1	1	0	0	0	1	0	NZ_JANQBK010000001.1 Sphingomonas hylomeconis strain CCTCC AB 2013304 contig1, whole genome shotgun sequence [29 total records]
GCF_019711435.1_genomic.fna	1	0	0	0	0	0	0	0	0	0	0	0	1	0	0	0	0	0	NZ_JAIGNK010000001.1 Qipengyuania polymorpha strain 1NDH17 NODE_1_length_1069078_cov_232.193567, whole genome shotgun sequence [8 total records]
GCF_037861105.1_genomic.fna	4	0	0	0	0	0	0	0	0	0	0	0	4	0	0	0	0	0	NZ_JBANFK010000001.1 Rhizorhabdus argentea strain DSM 100912 NODE_1_length_319433_cov_140.726384, whole genome shotgun sequence [56 total records]
GCF_011301715.1_genomic.fna	1	0	0	0	0	0	0	0	0	0	0	0	1	0	0	0	0	0	NZ_CP049870.1 Sphingomonas sp. HDW15A chromosome, complete genome [1 total record]
GCF_030817315.1_genomic.fna	4	0	0	0	0	0	0	0	0	0	0	0	3	0	0	0	1	0	NZ_JAUSZF010000001.1 Sphingomonas faeni strain W4I17 Ga0505391_01, whole genome shotgun sequence [5 total records]
GCF_024721605.1_genomic.fna	1	0	0	0	0	0	0	0	0	0	0	0	0	1	0	0	0	0	NZ_CP102630.1 Sphingomicrobium flavum strain JCM 18555 chromosome [1 total record]
GCF_037154015.1_genomic.fna	2	0	0	0	0	0	0	0	0	0	0	0	1	0	0	1	0	0	NZ_JBANRL010000001.1 Altererythrobacter aquiaggeris strain KCTC 52471 NODE_1_length_2626838_cov_283.942834, whole genome shotgun sequence [2 total records]
GCF_022818885.1_genomic.fna	6	0	0	0	1	0	0	0	0	1	0	0	2	1	0	1	0	0	NZ_JALHAT010000001.1 Novosphingobium mangrovi (ex Hu et al. 2023) strain B2637 contig1, whole genome shotgun sequence [82 total records]
GCF_023805295.1_genomic.fna	1	0	0	0	0	0	0	0	0	0	0	0	1	0	0	0	0	0	NZ_JAMSHT010000001.1 Sphingomicrobium sediminis strain GRR-S6-50 NODE_1_length_2321309_cov_48.490930, whole genome shotgun sequence [3 total records]
GCF_002355275.1_genomic.fna	3	0	0	0	0	0	0	0	0	0	0	0	2	1	0	0	0	0	NZ_CP023449.1 Rhizorhabdus dicambivorans strain Ndbn-20 chromosome, complete genome [5 total records]
GCF_026540895.1_genomic.fna	1	0	0	0	0	0	0	0	0	0	0	0	0	0	0	1	0	0	NZ_JALNUR010000001.1 Sphingomonas sp. GM_Shp_1 iso00_6_1, whole genome shotgun sequence [73 total records]
GCF_003499275.1_genomic.fna	2	0	0	0	0	0	0	0	0	0	0	0	2	0	0	0	0	0	NZ_QWDF01000001.1 Sphingomonas mesophila strain SYSUP0001 SYSUP0001_Contig1, whole genome shotgun sequence [2 total records]
GCF_947502395.1_genomic.fna	2	0	0	0	0	0	0	0	0	0	0	0	1	0	0	1	0	0	NZ_CANMZM010000001.1 Uncultured Erythrobacter sp. isolate 2-490-G.fasta NODE_1, whole genome shotgun sequence [8 total records]
GCF_002218195.1_genomic.fna	2	0	0	0	0	0	0	0	0	0	0	0	1	0	0	1	0	0	NZ_CP022336.1 Sphingorhabdus sp. SMR4y chromosome, complete genome [1 total record]
GCF_002269345.1_genomic.fna	5	0	0	0	0	0	0	0	0	0	0	0	3	1	0	1	0	0	NZ_CP022889.1 Tsuneonella mangrovi strain C9-11 chromosome, complete genome [1 total record]
GCA_041060555.1_genomic.fna	1	0	0	0	0	0	0	0	0	0	0	0	0	0	0	1	0	0	JBEUDS010000001.1 Sphingosinicellaceae bacterium M-36 strain M36 Scaffold1, whole genome shotgun sequence [65 total records]
GCF_007570835.1_genomic.fna	4	0	0	0	0	0	0	0	0	1	0	0	3	0	0	0	0	0	NZ_SUNC01000001.1 Croceicoccus sediminis strain S2-4-2 NODE_1_length_1712580_cov_90.8671, whole genome shotgun sequence [9 total records]
GCF_022662335.1_genomic.fna	4	0	0	0	0	0	0	0	0	0	0	0	3	0	0	1	0	0	NZ_JAKNQJ010000001.1 Sphingomonas sp. CROZ-RG-20F-R02-07 1, whole genome shotgun sequence [46 total records]
GCF_007065885.1_genomic.fna	2	0	0	0	0	0	0	0	0	0	0	0	1	0	0	1	0	0	NZ_CP041409.1 Altererythrobacter sp. TH136 strain TH36 chromosome [1 total record]
GCF_001421745.1_genomic.fna	5	0	0	0	0	0	0	0	1	0	0	0	2	0	0	1	1	0	NZ_LMKW01000001.1 Sphingomonas sp. Leaf230 contig_1, whole genome shotgun sequence [15 total records]
GCA_014983025.1_genomic.fna	0	0	0	0	0	0	0	0	0	0	0	0	0	0	0	0	0	0	JADCLP010000010.1 Erythrobacteraceae bacterium E2-1 Yellow Sea NODE_10_length_58351_cov_297.258451, whole genome shotgun sequence [26 total records]
GCF_001421505.1_genomic.fna	3	0	0	0	0	0	0	0	1	0	0	0	1	0	0	1	0	0	NZ_LMKL01000001.1 Sphingomonas sp. Leaf17 contig_1, whole genome shotgun sequence [11 total records]
GCF_000803065.1_genomic.fna	2	0	0	0	0	0	0	0	0	0	0	0	1	0	0	1	0	0	NZ_JSXI01000001.1 Sphingomonas sp. ERG5 Contig1, whole genome shotgun sequence [80 total records]
GCF_001663175.1_genomic.fna	3	0	0	0	0	0	0	0	0	0	0	0	2	0	0	1	0	0	NZ_CP016033.1 Erythrobacter neustonensis strain DSM 9434 chromosome, complete genome [1 total record]
GCF_037120395.1_genomic.fna	3	0	0	0	0	0	0	0	0	0	0	0	1	1	0	1	0	0	NZ_JBBBDM010000001.1 Sphingomonas kyungheensis strain LMG 26582 NODE_1_length_834311_cov_176.403513, whole genome shotgun sequence [28 total records]
GCF_019930585.1_genomic.fna	1	0	0	0	0	0	0	0	0	0	0	1	0	0	0	0	0	0	NZ_CP082839.1 Sphingomonas nostoxanthinifaciens strain AK-PDB1-5 chromosome, complete genome [1 total record]
GCF_000429005.1_genomic.fna	2	0	0	0	0	0	0	0	0	0	0	1	0	0	0	1	0	0	NZ_AUBA01000001.1 Novosphingobium acidiphilum DSM 19966 G404DRAFT_scaffold00001.1_C, whole genome shotgun sequence [54 total records]
GCF_000383095.1_genomic.fna	4	0	0	0	0	0	0	0	0	0	0	0	3	0	0	1	0	0	NZ_AORL01000001.1 Sphingomonas sp. PR090111-T3T-6A strain PR090111-T3T6A Sphingomonas_PR09011.fna_1, whole genome shotgun sequence [24 total records]
GCF_022569295.1_genomic.fna	2	0	0	0	0	0	0	0	0	0	0	0	0	1	0	1	0	0	NZ_JAKFIA010000001.1 Pedomonas mirosovicensis strain A1X5R2 A1X5R2_canu_contig_1, whole genome shotgun sequence [2 total records]
GCA_947503275.1_genomic.fna	3	0	0	0	0	0	0	0	0	0	0	0	2	0	0	1	0	0	CANNCZ010000001.1 uncultured Erythrobacter sp. isolate 1010.fasta genome assembly, contig: NODE_1, whole genome shotgun sequence [3 total records]
GCF_902498745.1_genomic.fna	3	0	0	0	0	0	0	0	0	0	0	0	2	0	0	1	0	0	NZ_LR701478.1 Erythrobacter sp. EC-HK427 isolate ERY430, whole genome shotgun sequence [3 total records]
GCF_004792685.1_genomic.fna	4	0	0	0	0	0	0	0	0	0	1	0	2	0	0	1	0	0	NZ_SRXT01000010.1 Sphingomonas gei strain ZFGT-11 NODE_10_length_112909_cov_59.023407, whole genome shotgun sequence [25 total records]
GCA_027941995.1_genomic.fna	2	0	0	0	0	0	0	0	0	0	0	0	1	0	0	1	0	0	CP115966.1 Erythrobacteraceae bacterium WH01K chromosome, complete genome [2 total records]
GCF_024496245.1_genomic.fna	4	0	0	0	0	0	0	0	0	0	0	0	3	0	0	1	0	0	NZ_CP101740.1 Sphingomonas qomolangmaensis strain S5-59 chromosome, complete genome [1 total record]
GCF_027531025.1_genomic.fna	1	0	0	0	0	0	0	0	0	0	0	0	0	0	0	1	0	0	NZ_JAPZQX010000010.1 MAG: Novosphingobium sp. isolate LE17-10A c_000000001714, whole genome shotgun sequence [10 total records]
GCF_014199415.1_genomic.fna	1	0	0	0	0	0	0	0	0	0	0	0	1	0	0	0	0	0	NZ_JACIJN010000001.1 Sphingomonas endophytica strain DSM 101535 Ga0373358_01, whole genome shotgun sequence [21 total records]
GCF_039614825.1_genomic.fna	2	0	0	0	0	0	0	0	0	0	0	0	2	0	0	0	0	0	NZ_JBDIMF010000001.1 Sphingomonas qilianensis strain CGMCC 1.15349 S15349_1, whole genome shotgun sequence [10 total records]
GCA_016742125.1_genomic.fna	2	0	0	0	0	0	0	0	0	0	0	1	0	1	0	0	0	0	JACVCM010000109.1 MAG: Sphingomonadaceae bacterium isolate Desfum bin_2_GBBB08 NODE_1014_length_8859_cov_3.062071, whole genome shotgun sequence [166 total records]
GCF_031846015.1_genomic.fna	3	0	0	0	0	0	0	0	0	0	0	0	2	0	0	1	0	0	NZ_JAVRDU010000001.1 Novosphingobium sp. MMS21-SN21R Contig1, whole genome shotgun sequence [4 total records]
GCF_000175255.2_genomic.fna	3	0	0	0	0	0	1	1	0	0	1	0	0	0	0	0	0	0	NC_017262.1 Zymomonas mobilis subsp. mobilis ATCC 10988, complete sequence [7 total records]
GCF_037154075.1_genomic.fna	5	1	0	0	0	0	0	0	0	1	0	0	2	0	0	1	0	0	NZ_JBANRJ010000001.1 Sphingobium aromaticiconvertens strain DSM 12677 Chr1, whole genome shotgun sequence [6 total records]
GCF_001557215.1_genomic.fna	4	0	0	0	0	0	1	0	0	0	1	1	1	0	0	0	0	0	NZ_LSJM01000001.1 Sphingomonas sp. CCH9-E2 CCH9-E2_contig1, whole genome shotgun sequence [376 total records]
GCF_003958625.1_genomic.fna	2	0	0	0	0	0	0	0	0	0	0	0	1	0	0	1	0	0	NZ_RSEL01000002.1 Tsuneonella rigui strain KCTC 42620 10, whole genome shotgun sequence [29 total records]
GCF_022378335.1_genomic.fna	1	0	0	0	0	0	0	1	0	0	0	0	0	0	0	0	0	0	NZ_JAIQCI010000078.1 Croceicoccus hydrothermalis strain JLT1 NODE_100_length_3235_cov_180.273254, whole genome shotgun sequence [84 total records]
GCF_013371215.1_genomic.fna	2	0	0	0	0	0	0	0	0	0	0	0	1	0	0	1	0	0	NZ_JABWMH010000001.1 Parasphingorhabdus flavimaris strain SW-151 contig1, whole genome shotgun sequence [8 total records]
GCF_003591655.1_genomic.fna	3	0	0	0	0	0	0	0	0	1	0	0	0	1	0	1	0	0	NZ_QVRA01000001.1 Sphingobium terrigena strain EO9 E09_1, whole genome shotgun sequence [95 total records]
GCF_003046295.1_genomic.fna	4	0	0	0	0	0	0	0	1	0	0	0	2	0	0	1	0	0	NZ_PZZN01000001.1 Sphingomonas aerolata strain NW12 Ga0191659_11, whole genome shotgun sequence [5 total records]
GCF_014199305.1_genomic.fna	2	0	0	0	0	0	0	0	0	0	0	0	1	0	0	1	0	0	NZ_JACIJK010000001.1 Sphingomonas aerophila strain DSM 100044 Ga0373350_01, whole genome shotgun sequence [32 total records]
GCF_040717415.1_genomic.fna	2	0	0	0	0	0	0	0	0	0	0	0	1	0	0	1	0	0	NZ_JBFEFM010000001.1 Parasphingorhabdus sp. JC815 1, whole genome shotgun sequence [13 total records]
GCF_039538065.1_genomic.fna	2	0	0	0	0	0	0	0	0	0	0	0	2	0	0	0	0	0	NZ_BAABBR010000001.1 Sphingomonas rosea strain JCM 17564 sequence1, whole genome shotgun sequence [1 total record]
GCF_004114695.1_genomic.fna	3	0	0	0	0	0	0	0	0	0	0	0	2	0	0	1	0	0	NZ_CP035310.1 Erythrobacter sp. HKB08 chromosome [1 total record]
GCF_014196115.1_genomic.fna	3	0	0	0	0	0	0	0	0	0	1	0	1	0	0	1	0	0	NZ_JACIDB010000001.1 Sphingomonas aquatilis strain DSM 15581 Ga0373217_01, whole genome shotgun sequence [36 total records]
GCF_001468225.1_genomic.fna	3	0	0	0	0	0	0	0	0	0	0	0	2	0	0	1	0	0	NZ_LNRU01000001.1 Sphingopyxis sp. H053 H053_contig000001, whole genome shotgun sequence [26 total records]
GCF_024626475.1_genomic.fna	2	0	0	0	0	0	0	0	0	0	0	0	1	0	0	1	0	0	NZ_JANKHH010000001.1 Parerythrobacter lacustris strain RS5-5 soapdenovo_K_105_1, whole genome shotgun sequence [9 total records]
GCF_009807005.1_genomic.fna	3	0	0	0	0	0	0	0	0	0	0	0	2	0	0	1	0	0	NZ_WUBR01000001.1 Aurantiacibacter rhizosphaerae strain GH3-10 contig1, whole genome shotgun sequence [6 total records]
GCF_963521395.1_genomic.fna	2	0	0	0	0	0	0	0	0	0	0	0	2	0	0	0	0	0	NZ_CAUQTY010000001.1 MAG: uncultured Sphingomonas sp. isolate ERR9968919_bin.13_MetaWRAP_v1.3_MAG ERZ21615878.1, whole genome shotgun sequence [7 total records]
GCF_019711315.1_genomic.fna	3	0	0	0	0	0	0	0	0	0	0	0	2	1	0	0	0	0	NZ_CP081294.1 Qipengyuania gelatinilytica strain 1NDH1 chromosome [1 total record]
GCF_036884275.1_genomic.fna	1	0	0	0	0	0	0	0	0	0	0	0	1	0	0	0	0	0	NZ_CP145607.1 Sphingomonas kaistensis strain MA4R chromosome, complete genome [1 total record]
GCF_014352855.1_genomic.fna	0	0	0	0	0	0	0	0	0	0	0	0	0	0	0	0	0	0	NZ_CP060697.1 Sphingomonas sabuli strain sand1-3 chromosome, complete genome [1 total record]
GCA_947503155.1_genomic.fna	2	0	0	0	0	0	0	0	0	0	0	0	1	0	0	1	0	0	CANNCL010000001.1 uncultured Erythrobacter sp. isolate 3-1198-3Z.fasta genome assembly, contig: NODE_1, whole genome shotgun sequence [6 total records]
GCF_037723805.1_genomic.fna	2	0	0	0	0	0	0	0	0	0	0	0	1	0	0	1	0	0	NZ_JBBJUK010000001.1 Sphingobium sp. AN558 1, whole genome shotgun sequence [16 total records]
GCF_001421325.1_genomic.fna	5	0	0	0	0	0	0	0	0	0	0	0	3	0	0	1	1	0	NZ_LMJY01000001.1 Novosphingobium sp. Leaf2 contig_1, whole genome shotgun sequence [22 total records]
GCF_026427355.1_genomic.fna	8	0	0	0	0	2	0	0	1	0	0	0	4	0	0	1	0	0	NZ_CP102664.1 Sphingobium sp. JS3065 chromosome 1, complete sequence [5 total records]
GCF_028463845.1_genomic.fna	2	0	0	0	0	0	0	0	0	0	0	0	2	0	0	0	0	0	NZ_CP116805.1 Gimibacter soli strain 6D33 chromosome [1 total record]
GCA_039831335.1_genomic.fna	1	0	0	0	0	0	0	0	0	0	0	0	1	0	0	0	0	0	JBDONL010000008.1 MAG: Sphingomonadaceae bacterium isolate FK190211_WC_159_metabat1_scaf2bin.005 NODE_18645_length_1893_cov_0.322763, whole genome shotgun sequence [10 total records]
GCF_002002925.1_genomic.fna	4	0	0	0	0	0	0	0	0	0	1	0	2	0	0	1	0	0	NZ_CP019511.1 Sphingomonas sp. LM7 chromosome, complete genome [1 total record]
GCF_000272475.1_genomic.fna	4	0	0	0	0	0	0	0	0	0	1	0	1	0	0	1	1	0	NZ_AKFJ01000004.1 Novosphingobium sp. Rr 2-17 contig4, whole genome shotgun sequence [143 total records]
GCF_026168555.1_genomic.fna	3	0	0	0	0	0	0	0	0	0	0	0	2	0	0	1	0	0	NZ_CP092471.1 Qipengyuania spongiae strain PHS-Z21 chromosome, complete genome [2 total records]
GCF_003605195.1_genomic.fna	3	0	0	0	0	0	0	0	0	0	0	0	2	0	0	1	0	0	NZ_QYOS01000016.1 Aurantiacibacter odishensis strain KCTC 23981 KCTC23981_10_54888, whole genome shotgun sequence [25 total records]
GCF_011761945.1_genomic.fna	3	0	0	0	0	0	0	0	0	0	1	0	1	0	0	1	0	0	NZ_JAASQV010000001.1 Sphingomonas leidyi strain DSM 4733 Ga0373306_01, whole genome shotgun sequence [10 total records]
GCF_005502745.1_genomic.fna	2	0	0	0	0	0	0	0	0	0	0	0	1	0	0	1	0	0	NZ_SCNL01000010.1 Sphingomonas sp. 3P27F8 NODE_10_length_150145_cov_24.597926, whole genome shotgun sequence [43 total records]
GCF_022014495.1_genomic.fna	2	0	0	0	0	0	0	0	0	0	0	0	2	0	0	0	0	0	NZ_JAKLSQ010000001.1 Sandaracinobacteroides sayramensis strain RS1-74 soapdenovo_K_61_1, whole genome shotgun sequence [39 total records]
GCF_022664435.1_genomic.fna	2	0	0	0	0	0	0	0	0	0	0	0	1	0	0	1	0	0	NZ_JAKREU010000001.1 Sphingomonas panni strain DSM 15761 NODE_1, whole genome shotgun sequence [24 total records]
GCF_019711395.1_genomic.fna	3	0	0	0	0	0	0	0	0	0	0	0	3	0	0	0	0	0	NZ_JAIGNL010000001.1 Qipengyuania xiapuensis strain 1NDW9 NODE_1_length_1826619_cov_226.369106, whole genome shotgun sequence [2 total records]
GCF_000241485.1_genomic.fna	2	0	0	0	0	0	0	0	0	0	0	0	1	0	0	1	0	0	NZ_JH584241.1 Sphingomonas sp. PAMC 26605 scaffold00001, whole genome shotgun sequence [23 total records]
GCF_023516555.1_genomic.fna	1	0	0	0	0	0	0	0	0	0	0	0	1	0	0	0	0	0	NZ_JAMGBD010000001.1 Sphingomonas alba strain SE158 1, whole genome shotgun sequence [2 total records]
GCF_003688555.1_genomic.fna	1	0	0	0	0	0	0	0	0	1	0	0	0	0	0	0	0	0	NZ_REFR01000009.1 Eilatimonas milleporae strain DSM 25217 Ga0170459_101, whole genome shotgun sequence [17 total records]
GCF_037154115.1_genomic.fna	2	0	0	0	0	0	0	0	0	0	0	0	1	0	0	1	0	0	NZ_JBANRO010000001.1 Altererythrobacter palmitatis strain KCTC 52607 NODE_1_length_464657_cov_217.118126, whole genome shotgun sequence [22 total records]
GCF_003688595.1_genomic.fna	3	0	0	0	0	0	0	0	0	0	0	0	2	0	0	1	0	0	NZ_RCWT01000009.1 Sphingomonas sp. PP-F2F-G114-C0414 Ga0191679_101, whole genome shotgun sequence [17 total records]
GCA_947493165.1_genomic.fna	3	0	0	0	0	0	0	0	0	0	0	0	2	0	0	1	0	0	CANLPY010000001.1 uncultured Erythrobacter sp. isolate 941-3Z.fasta genome assembly, contig: NODE_1, whole genome shotgun sequence [3 total records]
GCF_014841895.1_genomic.fna	5	0	0	0	0	0	0	0	1	0	0	0	3	0	0	1	0	0	NZ_JACYUS010000001.1 Sphingomonas sp. CFBP 13728 strain CFBP13728 CFBP1372801, whole genome shotgun sequence [17 total records]
GCF_038594605.1_genomic.fna	3	0	0	0	0	0	0	0	0	0	0	0	2	0	0	1	0	0	NZ_JBCFZM010000001.1 Citromicrobium bathyomarinum strain MCCC1A08378 contig1, whole genome shotgun sequence [7 total records]
GCF_013374095.1_genomic.fna	2	0	0	0	0	0	0	0	0	0	0	0	1	0	0	1	0	0	NZ_AP022672.1 Sphingomonas sp. HMP6 chromosome, complete genome [1 total record]
GCF_003660165.1_genomic.fna	2	0	0	0	0	0	0	0	0	0	0	1	0	0	0	1	0	0	NZ_CP032829.1 Sphingomonas paeninsulae strain YZ-8 chromosome, complete genome [3 total records]
GCF_011765465.1_genomic.fna	2	0	0	0	0	0	0	0	0	0	0	0	1	0	0	1	0	0	NZ_CP050265.1 MAG: Erythrobacter sp. isolate NP_1 chromosome, complete genome [1 total record]
GCF_013409985.1_genomic.fna	3	0	0	0	0	0	0	0	0	0	0	0	2	0	0	1	0	0	NZ_JACCBY010000001.1 Sphingomonas melonis strain AS2.3 Ga0372459_01, whole genome shotgun sequence [14 total records]
GCA_947331495.1_genomic.fna	2	0	0	0	0	0	0	0	0	0	0	0	1	0	0	1	0	0	CAMZOI010000001.1 Erythrobacteraceae bacterium Alg239-R51 genome assembly, contig: NODE_1_length_2189961_cov_222.553, whole genome shotgun sequence [4 total records]
GCF_018636735.1_genomic.fna	2	0	0	0	0	0	0	0	0	0	0	0	2	0	0	0	0	0	NZ_CP045200.1 Erythrobacter sp. 3-20A1M chromosome, complete genome [1 total record]
GCF_009827295.1_genomic.fna	3	0	0	0	0	0	0	0	0	0	0	0	2	0	0	1	0	0	NZ_WTYD01000001.1 Qipengyuania pelagi strain JCM 17468 JCM17468_1, whole genome shotgun sequence [9 total records]
GCF_001278035.1_genomic.fna	2	0	0	0	0	0	0	0	0	0	0	0	1	0	0	1	0	0	NZ_CP009452.1 Sphingopyxis sp. 113P3 chromosome, complete genome [2 total records]
GCA_016707885.1_genomic.fna	2	0	0	0	0	0	0	0	0	0	0	1	0	1	0	0	0	0	JADJGU010000001.1 MAG: Sphingomonadales bacterium isolate Damh_18-Q3-R51-60_BATAC.316 tig00000305-10-14137870, whole genome shotgun sequence [11 total records]
GCF_900115295.1_genomic.fna	5	0	0	0	0	0	0	0	0	0	0	0	3	0	0	1	1	0	NZ_FOVZ01000020.1 Sphingomonas sp. OK281, whole genome shotgun sequence [20 total records]
GCF_015693305.1_genomic.fna	5	0	0	0	0	1	0	0	0	0	0	0	3	0	0	1	0	0	NZ_CP065138.1 Sphingobium sp. Cam5-1 chromosome 1 [5 total records]
GCF_916858675.1_genomic.fna	3	0	0	0	0	0	0	0	0	0	0	0	2	0	0	1	0	0	NZ_CAKASM010000001.1 Sphingomonas sp. Leaf21, whole genome shotgun sequence [53 total records]
GCA_947493955.1_genomic.fna	3	0	0	0	0	0	0	0	0	0	0	0	2	0	0	1	0	0	CANLSQ010000001.1 uncultured Sphingomonadaceae bacterium isolate 2-322-n2.fasta genome assembly, contig: NODE_1, whole genome shotgun sequence [6 total records]
GCF_022701295.1_genomic.fna	2	0	0	0	0	0	0	0	0	0	0	0	1	0	0	1	0	0	NZ_CP033204.1 Sphingopyxis sp. YF1 chromosome, complete genome [1 total record]
GCA_963676085.1_genomic.fna	2	0	0	0	0	0	0	0	0	0	0	0	1	0	0	1	0	0	OY780960.1 MAG: uncultured Caenibius sp. isolate 59ef9a3d-3cea-495c-bf2b-6111e3a64a75 genome assembly, chromosome: 1 [4 total records]
GCA_001683845.1_genomic.fna	1	0	0	0	0	0	0	0	0	0	0	0	0	1	0	0	0	0	LXQI01000001.1 MAG: Erythrobacter sp. ANT-B3C2 ANT-B3C2_contig-1, whole genome shotgun sequence [43 total records]
GCF_014656395.1_genomic.fna	2	0	0	0	0	0	0	0	0	0	0	0	2	0	0	0	0	0	NZ_BNCI01000001.1 Kordiimonas sediminis strain KCTC 42590 sequence01, whole genome shotgun sequence [8 total records]
GCF_039537815.1_genomic.fna	3	0	0	0	0	0	0	0	1	0	0	0	2	0	0	0	0	0	NZ_BAABBF010000001.1 Sphingomonas cynarae strain JCM 17498 sequence01, whole genome shotgun sequence [23 total records]
GCF_030819175.1_genomic.fna	3	0	0	0	0	0	0	0	0	0	0	0	2	0	0	1	0	0	NZ_JAUTBJ010000001.1 Sphingomonas sp. SORGH_AS_0879 Ga0558179_01, whole genome shotgun sequence [2 total records]
GCA_040560405.1_genomic.fna	3	0	0	0	0	0	0	0	1	0	0	0	1	0	0	1	0	0	JAVSCQ010000001.1 Sphingomonadaceae bacterium jetA1 sequence01, whole genome shotgun sequence [73 total records]
GCF_026672515.1_genomic.fna	4	0	0	0	0	0	0	0	0	0	0	1	1	0	0	1	1	0	NZ_JAPPRG010000001.1 Novosphingobium sp. SL115 contig_11, whole genome shotgun sequence [3 total records]
GCF_034556155.1_genomic.fna	2	0	0	0	0	0	0	0	0	0	0	0	1	0	0	1	0	0	NZ_JAYDYX010000001.1 Sphingomonas sp. CD22 c_000000000001, whole genome shotgun sequence [23 total records]
GCF_024758725.1_genomic.fna	2	0	0	0	0	0	0	0	0	0	0	0	1	0	0	1	0	0	NZ_CP096972.1 Sphingomonas sp. SUN039 chromosome, complete genome [1 total record]
GCF_001296025.1_genomic.fna	4	0	0	0	0	0	0	0	0	0	1	0	2	0	0	1	0	0	NZ_LJHV01000001.1 Porphyrobacter sp. AAP60 AAP60_Contigs_1, whole genome shotgun sequence [30 total records]
GCF_000786215.1_genomic.fna	1	0	0	0	0	0	0	0	0	1	0	0	0	0	0	0	0	0	NZ_JROG01000007.1 Sphingomonas sp. 35-24ZXX contig10_scaffold3, whole genome shotgun sequence [23 total records]
GCF_009828015.1_genomic.fna	2	0	0	0	0	0	0	0	0	0	0	1	0	0	0	1	0	0	NZ_WTYG01000010.1 Qipengyuania citrea strain CGMCC 1.8703 1.8703_10_14981, whole genome shotgun sequence [24 total records]
GCF_011926545.1_genomic.fna	3	0	0	0	0	0	0	0	0	0	0	0	2	0	0	1	0	0	NZ_JAATIT010000001.1 Sphingopyxis italica strain DSM 25229 Ga0373334_01, whole genome shotgun sequence [12 total records]
GCF_024398015.1_genomic.fna	2	0	0	0	0	0	0	0	0	0	0	0	2	0	0	0	0	0	NZ_CP073747.1 Kordiimonas sp. SCSIO 12610 chromosome, complete genome [1 total record]
GCF_026013565.1_genomic.fna	3	0	0	0	0	0	0	0	0	0	0	0	3	0	0	0	0	0	NZ_JAPDOB010000001.1 Sphingomonas sp. BN140010 contig1, whole genome shotgun sequence [4 total records]
GCF_000764535.1_genomic.fna	2	0	0	0	0	0	0	0	0	0	0	0	1	0	0	1	0	0	NZ_CP009571.1 Sphingomonas taxi strain ATCC 55669 chromosome, complete genome [3 total records]
GCA_015485385.1_genomic.fna	1	0	0	0	0	0	0	0	0	0	0	0	1	0	0	0	0	0	WFTS01000001.1 MAG: Kordiimonadales bacterium isolate S139_36 k151_102794, whole genome shotgun sequence [167 total records]
GCA_041396805.1_genomic.fna	4	0	0	0	0	0	0	0	0	0	1	0	2	0	0	1	0	0	JAWKXV010000001.1 MAG: Erythrobacter sp. isolate BC3.94 BC3.94.fa-1, whole genome shotgun sequence [6 total records]
GCF_002795865.1_genomic.fna	4	0	0	0	0	0	0	0	0	0	0	0	3	0	0	1	0	0	NZ_CP024920.1 Qipengyuania seohaensis strain SW-135 chromosome, complete genome [1 total record]
GCA_947496865.1_genomic.fna	3	0	0	0	0	0	0	0	0	0	0	0	2	0	0	1	0	0	CANMEE010000001.1 uncultured Sphingomonadaceae bacterium isolate 3-525.fasta genome assembly, contig: NODE_1, whole genome shotgun sequence [7 total records]
GCF_031598375.1_genomic.fna	1	0	0	0	0	0	0	0	0	0	0	1	0	0	0	0	0	0	NZ_CP123872.1 Temperatibacter marinus strain NBRC 110045 chromosome, complete genome [1 total record]
GCF_000445125.1_genomic.fna	7	0	0	0	0	0	0	0	0	1	1	0	2	1	0	1	1	0	NZ_ATHL01000001.1 Novosphingobium lindaniclasticum LE124 contig001, whole genome shotgun sequence [140 total records]
GCF_902498785.1_genomic.fna	4	0	0	0	0	0	0	0	0	0	0	0	3	0	0	1	0	0	NZ_LR701490.1 Sphingomonas sp. EC-HK361 isolate SPHINGO361, whole genome shotgun sequence [8 total records]
GCF_001610975.1_genomic.fna	2	0	0	0	0	0	0	0	0	0	0	0	1	0	0	1	0	0	NZ_CP013342.1 Sphingopyxis terrae subsp. terrae NBRC 15098 strain 203-1 chromosome, complete genome [2 total records]
GCF_004005905.1_genomic.fna	1	0	0	0	0	0	0	0	0	0	0	0	0	0	0	1	0	0	NZ_SACO01000010.1 Novosphingobium umbonatum strain FSY-9 NODE_10_length_149031_cov_107, whole genome shotgun sequence [46 total records]
GCF_021513175.1_genomic.fna	3	0	0	0	0	0	0	0	0	0	1	0	1	0	0	1	0	0	NZ_CP090953.1 Sphingomonas sp. S2-65 chromosome, complete genome [1 total record]
GCF_000226955.1_genomic.fna	2	0	0	0	0	0	0	0	0	0	0	1	0	0	1	0	0	0	NZ_AGFU01000127.1 Sphingomonas elodea ATCC 31461 contig000127, whole genome shotgun sequence [122 total records]
GCF_003431825.1_genomic.fna	2	0	0	0	0	0	0	0	0	1	0	0	1	0	0	0	0	0	NZ_CP020083.1 Blastomonas fulva strain T2 chromosome, complete genome [2 total records]
GCF_029906645.1_genomic.fna	3	0	0	0	0	0	0	0	0	0	0	0	2	0	0	1	0	0	NZ_JARYGZ010000003.1 Sphingomonas oryzagri strain MAHUQ-71 GCM70023254_1, whole genome shotgun sequence [8 total records]
GCA_002733865.1_genomic.fna	4	0	0	0	0	0	0	0	0	0	0	0	1	2	0	1	0	0	NVXM01000014.1 MAG: Sphingopyxis sp. isolate NORP11 Contig_source1382A_1027, whole genome shotgun sequence [62 total records]
GCF_035319885.1_genomic.fna	2	0	0	0	0	0	0	0	0	0	0	0	1	0	0	1	0	0	NZ_CP141285.1 Altererythrobacter sp. H2 chromosome, complete genome [1 total record]
GCA_016704425.1_genomic.fna	2	0	0	0	0	0	0	0	0	0	0	0	2	0	0	0	0	0	JADJAC010000001.1 MAG: Sphingomonadales bacterium isolate AalW_18-Q3-R10-53_BATAC.245 tig00001044-10-188430, whole genome shotgun sequence [11 total records]
GCF_004101245.1_genomic.fna	4	0	0	0	0	0	0	0	1	0	0	0	2	0	0	1	0	0	NZ_SCIN01000010.1 Sphingomonas sp. UV9 NODE_10_length_7935_cov_15.2329, whole genome shotgun sequence [16 total records]
GCF_000620665.1_genomic.fna	3	0	0	0	0	0	0	0	0	0	0	0	3	0	0	0	0	0	NZ_JIAU01000001.1 Sphingomonas sp. URHD0057 N539DRAFT_scaffold00010.10_C, whole genome shotgun sequence [11 total records]
GCA_947499095.1_genomic.fna	5	0	0	0	0	0	0	0	0	0	0	0	4	0	0	1	0	0	CANMMR010000001.1 uncultured Erythrobacter sp. isolate 898.fasta genome assembly, contig: NODE_1, whole genome shotgun sequence [19 total records]
GCF_004796535.1_genomic.fna	3	0	0	0	0	0	0	0	0	0	0	0	2	0	0	1	0	0	NZ_SPHY01000001.1 Sphingomonas flavalba strain ZLT-5 Scaffold1, whole genome shotgun sequence [33 total records]
GCF_001990265.1_genomic.fna	0	0	0	0	0	0	0	0	0	0	0	0	0	0	0	0	0	0	NZ_LYVN01000001.1 Sphingopyxis sp. KK2 contig00001, whole genome shotgun sequence [293 total records]
GCF_012641335.1_genomic.fna	4	0	0	0	0	0	0	0	0	0	1	0	1	0	0	1	1	0	NZ_JABAID010000001.1 Novosphingobium sp. ERN07 Scaffold1, whole genome shotgun sequence [59 total records]
GCF_036321025.1_genomic.fna	5	0	0	0	0	0	0	0	0	0	0	0	3	1	0	1	0	0	NZ_JAZAPB010000001.1 Aurantiacibacter sp. H149 contig1, whole genome shotgun sequence [2 total records]
GCF_019711415.1_genomic.fna	3	0	0	0	0	0	0	0	0	0	0	0	2	1	0	0	0	0	NZ_JAIGNJ010000001.1 Qipengyuania vesicularis strain 1NDH10 NODE_1_length_1113808_cov_214.728530, whole genome shotgun sequence [4 total records]
GCF_003590775.1_genomic.fna	5	0	0	0	0	0	0	0	0	0	0	0	3	1	0	1	0	0	NZ_QYUM01000001.1 Sphingomonas cavernae strain K2R01-6 Segkk0, whole genome shotgun sequence [5 total records]
GCF_037173185.1_genomic.fna	2	0	0	0	0	0	0	0	0	0	0	0	1	0	0	1	0	0	NZ_JBAPEV010000001.1 Sphingomonas aquatica strain LMG 28596 NODE_1_length_564254_cov_180.723390, whole genome shotgun sequence [61 total records]
GCF_005434915.1_genomic.fna	2	0	0	0	0	0	0	0	0	0	0	0	1	0	0	1	0	0	NZ_SKCG01000001.1 Aurantiacibacter suaedae strain GH3-15 contig1, whole genome shotgun sequence [8 total records]
GCF_902506455.1_genomic.fna	2	0	0	0	0	0	0	0	0	0	0	0	2	0	0	0	0	0	NZ_LR733845.1 Sphingomonas sp. 8AM isolate Sphingomonas sp. 8AM, whole genome shotgun sequence [13 total records]
GCF_005434975.1_genomic.fna	2	0	0	0	0	0	0	0	0	0	0	0	1	0	0	1	0	0	NZ_SKCJ01000001.1 Parerythrobacter lutipelagi strain GH1-16 contig1, whole genome shotgun sequence [2 total records]
GCF_031456125.1_genomic.fna	2	0	0	0	0	0	0	0	0	0	0	0	2	0	0	0	0	0	NZ_JAVDUC010000001.1 Sphingomonas sp. BE138 Ga0454524_01, whole genome shotgun sequence [80 total records]
GCF_900537065.1_genomic.fna	1	0	0	0	0	0	0	0	0	0	0	0	1	0	0	0	0	0	NZ_UNRC01000001.1 Sphingorhabdus sp. Alg239-R122, whole genome shotgun sequence [21 total records]
GCF_030062225.1_genomic.fna	3	0	0	0	0	0	0	0	0	0	0	0	2	0	0	1	0	0	NZ_JASCXF010000010.1 Sphingomonas sp. 2R-10 NODE_10_length_98944_cov_39.090561, whole genome shotgun sequence [89 total records]
GCF_002215495.1_genomic.fna	2	0	0	0	0	0	0	0	0	0	0	0	1	0	0	1	0	0	NZ_CP021378.1 Porphyrobacter sp. CACIAM 03H1 chromosome [1 total record]
GCF_902506425.1_genomic.fna	3	0	0	0	0	0	0	0	0	1	0	0	0	0	0	1	1	0	NZ_LR732476.1 Novosphingobium sp. 9U isolate Novosphingobium sp. 9U, whole genome shotgun sequence [75 total records]
GCF_011302055.1_genomic.fna	1	0	0	0	0	0	0	0	0	0	0	0	1	0	0	0	0	0	NZ_CP049871.1 Sphingomonas sinipercae strain HDW15C chromosome, complete genome [1 total record]
GCF_038289935.1_genomic.fna	3	0	0	0	0	0	0	0	0	0	0	0	0	2	0	1	0	0	NZ_JBBYHV010000001.1 Aurantiacibacter sp. DGU6 contig1, whole genome shotgun sequence [3 total records]
GCF_014196495.1_genomic.fna	4	0	0	0	0	0	0	0	0	0	1	0	2	0	0	1	0	0	NZ_JACIDT010000001.1 Sphingobium jiangsuense strain DSM 26189 Ga0373239_01, whole genome shotgun sequence [67 total records]
GCF_001468265.1_genomic.fna	4	0	0	0	0	0	0	0	0	0	0	0	3	0	0	1	0	0	NZ_LNRZ01000001.1 Sphingopyxis sp. H050 H050_contig000001, whole genome shotgun sequence [22 total records]
GCF_024666595.1_genomic.fna	3	0	0	0	0	0	0	0	0	0	0	0	1	1	0	1	0	0	NZ_CP088296.1 Sphingomonas sp. J315 chromosome [1 total record]
GCF_014204535.1_genomic.fna	4	0	0	0	0	0	0	0	0	0	0	0	2	0	0	1	1	0	NZ_JACHLR010000001.1 Novosphingobium chloroacetimidivorans strain S00245 Ga0436340_01, whole genome shotgun sequence [88 total records]
GCF_026130605.1_genomic.fna	4	0	0	0	0	0	0	0	0	0	0	0	3	0	0	1	0	0	NZ_JANFAU010000010.1 Sphingomonas lycopersici strain MMSM20 NODE_10_length_159919_cov_34.546526, whole genome shotgun sequence [32 total records]
GCA_035575755.1_genomic.fna	2	0	0	0	0	0	0	0	0	0	0	0	0	0	0	1	1	0	DATLXI010000001.1 MAG TPA_asm: Sphingomonas sp. isolate SMAG_U13242 k141_100858, whole genome shotgun sequence [20 total records]
GCF_034659795.1_genomic.fna	4	0	0	0	0	0	0	0	0	0	0	0	3	0	0	1	0	0	NZ_JAXSQY010000001.1 Sphingomonas sp. SGZ-02 Scaffold1, whole genome shotgun sequence [14 total records]
GCF_900115745.1_genomic.fna	1	0	0	0	0	0	0	0	0	0	1	0	0	0	0	0	0	0	NZ_FOXP01000025.1 Sphingomonas rubra strain CGMCC 1.9113, whole genome shotgun sequence [25 total records]
GCF_022865105.1_genomic.fna	2	0	0	0	0	0	0	0	0	0	0	0	2	0	0	0	0	0	NZ_JAKNYM010000001.1 Sphingomicrobium astaxanthinifaciens strain JCM 18551 contig1, whole genome shotgun sequence [2 total records]
GCF_006346325.1_genomic.fna	3	0	0	0	0	0	0	0	0	0	1	0	1	0	0	1	0	0	NZ_VDYR01000001.1 Sphingomonas japonica strain KC 7T NODE_1_length_2450518_cov_263.578090, whole genome shotgun sequence [3 total records]
GCF_025231525.1_genomic.fna	2	0	0	0	0	0	0	0	0	0	0	0	1	0	0	1	0	0	NZ_CP103057.1 Sphingomonas endolithica strain ZFBP2030 chromosome, complete genome [1 total record]
GCF_039542285.1_genomic.fna	1	0	0	0	0	0	0	0	0	0	0	0	0	0	0	1	0	0	NZ_BAABHV010000001.1 Erythrobacter westpacificensis strain JCM 18014 sequence01, whole genome shotgun sequence [38 total records]
GCA_036563485.1_genomic.fna	1	0	0	0	0	0	0	0	0	0	0	0	1	0	0	0	0	0	DATCMI010000001.1 MAG TPA_asm: Sphingomicrobium sp. isolate SMAG_U7145 k141_30445, whole genome shotgun sequence [1 total record]
GCF_001010945.1_genomic.fna	2	0	0	0	0	0	0	0	0	0	0	0	1	0	0	1	0	0	NZ_LBHB01000001.1 Aurantiacibacter luteus strain KA37 contig1, whole genome shotgun sequence [9 total records]
GCF_000382485.1_genomic.fna	3	0	0	0	0	0	0	0	0	0	0	0	2	0	0	1	0	0	NZ_AORY01000001.1 Sphingomonas sp. Mn802worker Sphingomonas_MN802.1, whole genome shotgun sequence [17 total records]
GCF_039655735.1_genomic.fna	1	0	0	0	0	0	0	0	0	0	0	0	1	0	0	0	0	0	NZ_JBBYXH010000001.1 Sphingomicrobium sp. XHP0235 NODE_1_length_1213455_cov_290.818449, whole genome shotgun sequence [3 total records]
GCF_000786205.1_genomic.fna	3	0	0	0	0	0	0	0	0	0	0	0	1	1	0	1	0	0	NZ_JROH01000092.1 Sphingomonas sp. 37zxx contig101_scaffold79, whole genome shotgun sequence [109 total records]
GCF_023516505.1_genomic.fna	1	0	0	0	0	0	0	0	0	0	0	0	1	0	0	0	0	0	NZ_JAMGBB010000001.1 Sphingomonas brevis strain RB56-2 1, whole genome shotgun sequence [1 total record]
GCF_036324225.1_genomic.fna	1	0	0	0	0	0	0	0	0	0	0	0	1	0	0	0	0	0	NZ_JAZDQV010000001.1 Altererythrobacter litoralis strain 1XM1-14 NODE_1_length_401396_cov_229.029682, whole genome shotgun sequence [25 total records]
GCF_014490665.1_genomic.fna	2	0	0	0	0	0	0	0	0	0	0	0	1	0	0	1	0	0	NZ_CP061038.1 Sphingomonas alpina strain DSM 22537 chromosome, complete genome [1 total record]
GCA_947488085.1_genomic.fna	3	0	0	0	0	0	0	0	0	0	0	0	2	0	0	1	0	0	CANKYI010000001.1 uncultured Erythrobacter sp. isolate 229.fasta genome assembly, contig: NODE_1, whole genome shotgun sequence [3 total records]
GCF_019711535.1_genomic.fna	2	0	0	0	0	0	0	0	0	0	0	0	2	0	0	0	0	0	NZ_JAIGNP010000001.1 Qipengyuania aestuarii strain GH1 NODE_1_length_1094803_cov_235.856083, whole genome shotgun sequence [4 total records]
GCF_001428605.1_genomic.fna	5	0	0	0	0	0	0	0	0	0	0	0	5	0	0	0	0	0	NZ_LMID01000001.1 Sphingomonas sp. Root720 contig_1, whole genome shotgun sequence [17 total records]
GCF_040545965.1_genomic.fna	3	0	0	0	0	0	0	0	0	0	0	1	1	0	1	0	0	0	NZ_JBEPMV010000001.1 Sphingomonas trueperi strain 1075 Ga0438562_01, whole genome shotgun sequence [16 total records]
GCF_033032805.1_genomic.fna	1	0	0	0	0	0	0	0	0	0	0	0	0	0	0	1	0	0	NZ_JAPTHD010000001.1 Sphingobium naphthae strain MO2-4 1, whole genome shotgun sequence [32 total records]
GCF_024124765.2_genomic.fna	5	0	0	0	0	0	0	0	1	0	0	1	2	0	0	0	1	0	NZ_JAMXSR020000002.1 Sphingomonas sp. H160509 contig_1, whole genome shotgun sequence [5 total records]
GCF_001634625.1_genomic.fna	3	0	0	0	0	0	0	0	0	0	0	0	3	0	0	0	0	0	NZ_LRSE01000001.1 Croceicoccus bisphenolivorans strain H4 scaffold1, whole genome shotgun sequence [58 total records]
GCA_947493215.1_genomic.fna	3	0	0	0	0	0	0	0	0	0	0	0	2	0	0	1	0	0	CANLQE010000001.1 uncultured Sphingomonadaceae bacterium isolate 98.fasta genome assembly, contig: NODE_1, whole genome shotgun sequence [9 total records]
GCF_036784765.1_genomic.fna	3	0	0	0	0	0	0	0	0	0	0	0	2	0	0	1	0	0	NZ_CP136651.1 Novosphingobium sp. ZN18A2 chromosome, complete genome [1 total record]
GCF_035594035.1_genomic.fna	3	0	0	0	0	0	0	0	0	0	0	0	2	0	0	1	0	0	NZ_CP141588.1 Sphingomonas sp. LY54 chromosome, complete genome [1 total record]
GCA_947497455.1_genomic.fna	4	0	0	0	0	0	0	0	0	0	0	0	3	0	0	1	0	0	CANMGU010000001.1 uncultured Sphingomonadaceae bacterium isolate 3-285-G.fasta genome assembly, contig: NODE_1, whole genome shotgun sequence [2 total records]
GCA_947498065.1_genomic.fna	3	0	0	0	0	0	0	0	0	0	0	0	2	0	0	1	0	0	CANMIS010000001.1 uncultured Erythrobacter sp. isolate 4-610.fasta genome assembly, contig: NODE_1, whole genome shotgun sequence [12 total records]
GCF_003363135.1_genomic.fna	2	0	0	0	0	0	0	0	0	0	0	0	1	0	0	1	0	0	NZ_QRBB01000010.1 Alteriqipengyuania lutimaris strain S-5 NODE_10_length_2375_cov_3.788411_10, whole genome shotgun sequence [12 total records]
GCF_014639875.1_genomic.fna	3	0	0	0	0	0	0	0	0	1	0	0	2	0	0	0	0	0	NZ_BMGD01000001.1 Blastomonas aquatica strain CGMCC 1.12851 sequence01, whole genome shotgun sequence [20 total records]
GCF_000935025.1_genomic.fna	6	0	0	0	0	0	0	0	0	0	1	0	3	0	0	1	1	0	NZ_CP010836.1 Sphingomonas hengshuiensis strain WHSC-8 isolate soil of Hengshui Lake chromosome, complete genome [2 total records]
GCF_003345355.1_genomic.fna	3	0	0	0	0	0	0	0	0	0	0	0	2	0	0	1	0	0	NZ_QQNB01000010.1 Sphingomonas aracearum strain WZY 27 NODE_10_length_1604_cov_81.369668, whole genome shotgun sequence [12 total records]
GCF_002355855.1_genomic.fna	4	0	0	0	0	0	0	0	0	0	0	0	3	0	0	1	0	0	NZ_AP017655.1 Sphingobium cloacae strain JCM 10874 chromosome SCLO_1, complete sequence [7 total records]
GCF_947496385.1_genomic.fna	0	0	0	0	0	0	0	0	0	0	0	0	0	0	0	0	0	0	NZ_CANMCP010000001.1 Uncultured Croceicoccus sp. isolate 2B3-2-3Z.fasta NODE_1, whole genome shotgun sequence [44 total records]
GCA_947497315.1_genomic.fna	3	0	0	0	0	0	0	0	0	0	0	0	2	0	0	1	0	0	CANMFX010000001.1 uncultured Sphingomonadaceae bacterium isolate 372.fasta genome assembly, contig: NODE_1, whole genome shotgun sequence [6 total records]
GCF_001476895.1_genomic.fna	2	0	0	0	0	0	0	0	0	0	0	0	2	0	0	0	0	0	NZ_LDTB01000001.1 Sphingomonas endophytica strain NS334 contig_1, whole genome shotgun sequence [108 total records]
GCF_002855495.1_genomic.fna	1	0	0	0	0	0	0	0	0	0	0	0	0	0	0	1	0	0	NZ_PKRO01000100.1 Porphyrobacter sp. TH134 NODE_100_length_1298_cov_514.771024, whole genome shotgun sequence [105 total records]
GCF_006385135.1_genomic.fna	1	0	0	0	0	0	0	0	0	0	0	0	0	1	0	0	0	0	NZ_CP041025.1 Paremcibacter congregatus strain ZYLT chromosome, complete genome [1 total record]
GCF_009753715.1_genomic.fna	3	0	0	0	0	0	0	0	0	0	0	0	2	1	0	0	0	0	NZ_WQMS01000001.1 Sphingomonas horti strain MAH-20 GCM70011337_1, whole genome shotgun sequence [23 total records]
GCF_000763945.1_genomic.fna	2	0	0	0	0	0	0	0	0	0	0	0	1	0	0	1	0	0	NZ_JQFJ01000001.1 Sphingopyxis sp. MWB1 contig00001, whole genome shotgun sequence [4 total records]
GCF_028551275.1_genomic.fna	2	0	0	0	0	0	0	0	0	0	0	0	1	0	0	1	0	0	NZ_CP117025.1 Sphingomonas hankookensis strain SZ.B2R2 chromosome, complete genome [4 total records]
GCF_017812015.1_genomic.fna	2	0	0	0	0	0	0	0	0	0	0	0	1	0	0	1	0	0	NZ_JADQTN010000001.1 Pontixanthobacter sp. CEM42 contig1, whole genome shotgun sequence [2 total records]
GCF_009827495.1_genomic.fna	2	0	0	0	0	0	0	0	0	0	0	0	1	0	0	1	0	0	NZ_WTZA01000001.1 Tsuneonella aeria strain 100921-2 NODE_1_length_2124617, whole genome shotgun sequence [2 total records]
GCF_004564275.1_genomic.fna	2	0	0	0	0	0	0	0	0	0	0	0	1	0	0	1	0	0	NZ_SPDV01000001.1 Sphingomonas parva strain 17J27-24 scf7180000000312, whole genome shotgun sequence [104 total records]
GCF_013371495.1_genomic.fna	2	0	0	0	0	0	0	0	0	0	0	0	1	1	0	0	0	0	NZ_JABWTA010000001.1 Altererythrobacter lutimaris strain JGD-16 NODE_1_length_2937629_cov_208.812727, whole genome shotgun sequence [1 total record]
GCF_019857185.1_genomic.fna	2	0	0	0	0	0	0	0	0	0	0	0	1	0	0	1	0	0	NZ_JAHWXP010000001.1 Alteriqipengyuania abyssalis strain NZ-12B 1, whole genome shotgun sequence [8 total records]
GCF_014489515.1_genomic.fna	1	0	0	0	0	0	0	0	0	0	0	0	1	0	0	0	0	0	NZ_CP060782.1 Sphingomonas sediminicola strain KACC 15039 chromosome, complete genome [1 total record]
GCF_000445065.1_genomic.fna	5	0	0	0	0	0	0	0	0	0	0	0	3	0	0	1	1	0	NZ_ATHO01000001.1 Sphingobium quisquiliarum P25 contig001, whole genome shotgun sequence [171 total records]
GCF_009827515.1_genomic.fna	2	0	0	0	0	0	0	0	0	0	0	0	1	0	0	1	0	0	NZ_WTYO01000010.1 Pelagerythrobacter marinus strain H32 NODE_10_length_21385, whole genome shotgun sequence [16 total records]
GCF_022662475.1_genomic.fna	5	0	0	0	0	0	0	0	0	0	0	0	4	0	0	1	0	0	NZ_JAKNQQ010000001.1 Sphingomonas sp. TREG-RG-20F-R18-01 1, whole genome shotgun sequence [47 total records]
GCF_001028625.1_genomic.fna	2	0	0	0	0	0	0	0	0	0	0	0	1	0	0	1	0	0	NZ_CP011805.1 Pelagerythrobacter marensis strain KCTC 22370 chromosome, complete genome [1 total record]
GCF_030580995.1_genomic.fna	3	0	0	0	0	0	0	0	0	0	0	0	2	0	0	1	0	0	NZ_JAUQSZ010000010.1 Sphingomonas immobilis strain CA1-15 NODE_10_length_187501_cov_30.505165, whole genome shotgun sequence [21 total records]
GCF_040545665.1_genomic.fna	2	0	0	0	0	0	0	0	0	0	0	1	0	0	1	0	0	0	NZ_JBEPMH010000001.1 Sphingomonas trueperi strain 1770 Ga0438589_01, whole genome shotgun sequence [14 total records]
GCF_030812785.1_genomic.fna	4	0	0	0	0	0	0	0	0	0	1	0	2	0	0	1	0	0	NZ_JAUSTJ010000001.1 Sphingomonas kyeonggiensis strain DS2008 Ga0466926_01, whole genome shotgun sequence [4 total records]
GCF_028607105.1_genomic.fna	5	0	0	0	0	0	0	0	0	1	0	0	2	0	0	1	1	0	NZ_CP117417.1 Novosphingobium humi strain KACC 19094 chromosome, complete genome [4 total records]
GCF_016803135.1_genomic.fna	2	0	0	0	0	0	0	0	0	0	0	0	1	0	0	1	0	0	NZ_JAEVFE010000001.1 Altererythrobacter sp. C41 ZB100000, whole genome shotgun sequence [27 total records]
GCF_014199215.1_genomic.fna	3	0	0	0	0	0	0	0	0	0	0	0	2	0	0	1	0	0	NZ_JACIJC010000001.1 Sphingobium boeckii strain DSM 25079 Ga0373333_01, whole genome shotgun sequence [14 total records]
GCF_000508185.1_genomic.fna	1	0	0	0	0	0	0	0	0	0	0	0	0	0	0	1	0	0	NZ_AYOY01000001.1 Sphingobium sp. C100 contig1, whole genome shotgun sequence [200 total records]
GCF_900013425.1_genomic.fna	4	0	0	0	0	0	0	0	0	1	0	0	2	0	0	1	0	0	NZ_FBXK01000006.1 Sphingobium sp. Z007 isolate 1, whole genome shotgun sequence [7 total records]
GCA_963691825.1_genomic.fna	2	0	0	0	0	0	0	0	0	1	0	0	0	0	0	1	0	0	OY829379.1 MAG: Erythrobacter sp. isolate ee9c4741-f296-4909-b434-25d93b811455 genome assembly, chromosome: 1 [1 total record]
GCF_012927115.1_genomic.fna	3	0	0	0	0	0	0	0	0	0	0	0	2	0	0	1	0	0	NZ_JABBFY010000001.1 Sphingomonas sp. G-3-2-10 contig1, whole genome shotgun sequence [5 total records]
GCF_017304635.1_genomic.fna	4	0	0	0	0	0	0	0	0	0	1	0	2	0	0	1	0	0	NZ_JAFKMA010000002.1 MAG: Sphingomonas sp. isolate SCN18_30_10_14_R2_P_67_78 SCN18_30_10_14_R2_P_scaffold_13, whole genome shotgun sequence [7 total records]
GCF_013378055.1_genomic.fna	2	0	0	0	0	0	0	0	0	0	0	0	0	1	0	1	0	0	NZ_CP051130.1 Parasphingopyxis sp. CP4 chromosome, complete genome [1 total record]
GCF_035818615.1_genomic.fna	2	0	0	0	0	0	0	0	0	0	0	0	0	1	0	1	0	0	NZ_JAYKZY010000001.1 Sphingobium sp. CR2-8 contig_3, whole genome shotgun sequence [3 total records]
GCF_005849285.1_genomic.fna	2	0	0	0	0	0	0	0	0	0	0	0	1	1	0	0	0	0	NZ_CP040517.1 Luteithermobacter gelatinilyticus strain MEBiC09520 chromosome, complete genome [1 total record]
GCF_001542875.1_genomic.fna	4	0	0	0	0	0	0	0	0	0	0	0	3	0	0	1	0	0	NZ_LMAF01000001.1 Erythrobacter sp. YT30 contig00001, whole genome shotgun sequence [3 total records]
GCF_012650175.1_genomic.fna	2	0	0	0	0	0	0	0	0	0	0	1	0	0	1	0	0	0	NZ_JAAILI010000001.1 Sphingomonas sp. S2M10 S2M10_1, whole genome shotgun sequence [80 total records]
GCF_001428865.1_genomic.fna	3	0	0	0	0	0	0	0	0	0	0	0	2	0	0	1	0	0	NZ_LMIV01000001.1 Sphingomonas sp. Root241 contig_1, whole genome shotgun sequence [6 total records]
GCF_012035195.1_genomic.fna	5	0	0	0	0	0	0	0	1	0	0	0	3	0	0	1	0	0	NZ_JAAVJH010000001.1 Sphingomonas corticis strain 36D10-4-7 Scaffold1, whole genome shotgun sequence [54 total records]
GCF_947499705.1_genomic.fna	4	0	0	0	0	0	0	0	0	0	0	0	3	0	0	1	0	0	NZ_CANMPJ010000001.1 Uncultured Erythrobacter sp. isolate X.fasta NODE_1, whole genome shotgun sequence [2 total records]
GCF_003201955.1_genomic.fna	2	0	0	0	0	0	0	0	0	1	0	0	1	0	0	0	0	0	NZ_QJJM01000001.1 Blastomonas natatoria strain DSM 3183 Ga0215674_101, whole genome shotgun sequence [53 total records]
GCF_002896965.1_genomic.fna	6	0	0	0	0	0	0	0	0	0	0	0	2	2	0	1	1	0	NZ_LYMM01000001.1 Novosphingobium guangzhouense strain SA925 contig-123_0, whole genome shotgun sequence [106 total records]
GCF_016924655.1_genomic.fna	3	0	0	0	0	0	0	0	0	0	0	0	3	0	0	0	0	0	NZ_JAFFJU010000001.1 Sphingomonas arenae strain SYSU D00720 Scaffold1_1, whole genome shotgun sequence [5 total records]
GCF_029076845.1_genomic.fna	6	0	0	0	0	0	0	0	0	0	1	0	3	1	0	1	0	0	NZ_JARESE010000001.1 Novosphingobium album (ex Liu et al. 2023) strain H3SJ31-1 platanus_K_21_77_1, whole genome shotgun sequence [107 total records]
GCF_011927695.1_genomic.fna	1	0	0	0	0	0	0	0	0	0	0	0	1	0	0	0	0	0	NZ_JAATJE010000001.1 Sphingomonas jejuensis strain DSM 27651 Ga0373247_01, whole genome shotgun sequence [10 total records]
GCF_006385875.1_genomic.fna	2	0	0	0	0	0	0	0	0	0	0	0	2	0	0	0	0	0	NZ_VFSU01000001.1 Sandaracinobacter neustonicus strain PAMC 28131 ctg7180000018307, whole genome shotgun sequence [34 total records]
GCF_001021555.1_genomic.fna	3	0	0	0	0	0	0	0	0	0	0	0	2	0	0	1	0	0	NZ_LDCP01000001.1 Aurantiacibacter marinus strain KCTC 23554 KCTC23554_C1, whole genome shotgun sequence [5 total records]
GCF_024349785.1_genomic.fna	4	0	0	0	0	0	0	0	0	1	0	0	2	0	0	1	0	0	NZ_AP018817.1 Sphingomonas bisphenolicum strain AO1 chromosome 1, complete sequence [6 total records]
GCF_019097845.1_genomic.fna	5	0	0	0	0	0	0	0	0	1	0	1	1	1	0	1	0	0	NZ_JAHRGM010000001.1 Sphingobium sp. AS12 NODE1, whole genome shotgun sequence [101 total records]
GCF_023501975.1_genomic.fna	1	0	0	0	0	0	0	0	0	0	0	0	0	0	0	1	0	0	NZ_JAMFLH010000001.1 Altererythrobacter sp. KTW20L KTW20L_contig_1, whole genome shotgun sequence [29 total records]
GCF_000419605.1_genomic.fna	2	0	0	0	0	0	0	0	0	0	0	0	2	0	0	0	0	0	NZ_ATTI01000001.1 Sphingomonas phyllosphaerae 5.2 SphphyDRAFT_contig1.1_C, whole genome shotgun sequence [2 total records]
GCF_021391395.1_genomic.fna	4	0	0	0	0	0	0	0	0	0	0	0	3	0	0	1	0	0	NZ_CP090059.1 Sphingomonas cannabina strain DM2-R-LB4 chromosome, complete genome [1 total record]
GCF_003515075.1_genomic.fna	2	0	0	0	0	0	0	0	0	0	0	0	1	0	0	1	0	0	NZ_QWLV01000010.1 Sphingomonas gilva strain ZDH117 NODE_10_length_111664_cov_100.826578, whole genome shotgun sequence [17 total records]
GCF_040717445.1_genomic.fna	2	0	0	0	0	0	0	0	0	0	0	0	1	0	0	1	0	0	NZ_JBFEFL010000001.1 Qipengyuania sp. JC766 1, whole genome shotgun sequence [2 total records]
